Week_Start,Item (2),Quantity,Event
4/3/2023,ALA CARTE - BBQ & MALUNGGAY DILIS,0,Holiday - Black Saturday
4/10/2023,ALA CARTE - BBQ & MALUNGGAY DILIS,0,Normal Day
4/17/2023,ALA CARTE - BBQ & MALUNGGAY DILIS,5,Normal Day
4/24/2023,ALA CARTE - BBQ & MALUNGGAY DILIS,33,Normal Day
5/1/2023,ALA CARTE - BBQ & MALUNGGAY DILIS,9,Normal Day
5/8/2023,ALA CARTE - BBQ & MALUNGGAY DILIS,0,Class Suspension - High Temperature
5/15/2023,ALA CARTE - BBQ & MALUNGGAY DILIS,0,Normal Day
5/22/2023,ALA CARTE - BBQ & MALUNGGAY DILIS,0,Normal Day
5/29/2023,ALA CARTE - BBQ & MALUNGGAY DILIS,32,Normal Day
6/5/2023,ALA CARTE - BBQ & MALUNGGAY DILIS,14,Normal Day
6/12/2023,ALA CARTE - BBQ & MALUNGGAY DILIS,6,Normal Day
6/19/2023,ALA CARTE - BBQ & MALUNGGAY DILIS,9,Normal Day
6/26/2023,ALA CARTE - BBQ & MALUNGGAY DILIS,24,"Class Suspension - Sangyaw Festival, Class Suspension - Tacloban Day"
7/3/2023,ALA CARTE - BBQ & MALUNGGAY DILIS,12,Normal Day
7/10/2023,ALA CARTE - BBQ & MALUNGGAY DILIS,18,Normal Day
7/17/2023,ALA CARTE - BBQ & MALUNGGAY DILIS,21,Normal Day
7/24/2023,ALA CARTE - BBQ & MALUNGGAY DILIS,12,Normal Day
7/31/2023,ALA CARTE - BBQ & MALUNGGAY DILIS,0,Normal Day
8/7/2023,ALA CARTE - BBQ & MALUNGGAY DILIS,0,Normal Day
8/14/2023,ALA CARTE - BBQ & MALUNGGAY DILIS,0,Normal Day
8/21/2023,ALA CARTE - BBQ & MALUNGGAY DILIS,0,Holiday - Ninoy Aquino Day
8/28/2023,ALA CARTE - BBQ & MALUNGGAY DILIS,0,Normal Day
9/4/2023,ALA CARTE - BBQ & MALUNGGAY DILIS,0,Normal Day
9/11/2023,ALA CARTE - BBQ & MALUNGGAY DILIS,0,Normal Day
9/18/2023,ALA CARTE - BBQ & MALUNGGAY DILIS,20,Normal Day
9/25/2023,ALA CARTE - BBQ & MALUNGGAY DILIS,20,Normal Day
10/2/2023,ALA CARTE - BBQ & MALUNGGAY DILIS,10,Class Suspension - World Teachers' Day
10/9/2023,ALA CARTE - BBQ & MALUNGGAY DILIS,1,Normal Day
10/16/2023,ALA CARTE - BBQ & MALUNGGAY DILIS,21,Normal Day
10/23/2023,ALA CARTE - BBQ & MALUNGGAY DILIS,15,Normal Day
10/30/2023,ALA CARTE - BBQ & MALUNGGAY DILIS,13,"Class Suspension (starting 12:01 pm) - All Saints Day, Holiday - All Saints' Day, Holiday - All Souls' Day, Holiday - Baranggay and Sangguniang Kabataan Elections"
11/6/2023,ALA CARTE - BBQ & MALUNGGAY DILIS,0,Class Suspension - Yolanda Day
11/13/2023,ALA CARTE - BBQ & MALUNGGAY DILIS,0,Normal Day
11/20/2023,ALA CARTE - BBQ & MALUNGGAY DILIS,6,Class Suspension - Heavy Rainfall
11/27/2023,ALA CARTE - BBQ & MALUNGGAY DILIS,17,Normal Day
12/4/2023,ALA CARTE - BBQ & MALUNGGAY DILIS,14,Holiday - Feast of the Immaculate Conception of Mary
12/11/2023,ALA CARTE - BBQ & MALUNGGAY DILIS,7,Normal Day
12/18/2023,ALA CARTE - BBQ & MALUNGGAY DILIS,9,"Class Suspension, Class Suspension - 15th HUC Day"
12/25/2023,ALA CARTE - BBQ & MALUNGGAY DILIS,13,Holiday - Additional Special Non-Working Day
1/1/2024,ALA CARTE - BBQ & MALUNGGAY DILIS,5,Normal Day
1/8/2024,ALA CARTE - BBQ & MALUNGGAY DILIS,12,Normal Day
1/15/2024,ALA CARTE - BBQ & MALUNGGAY DILIS,15,Normal Day
1/22/2024,ALA CARTE - BBQ & MALUNGGAY DILIS,12,Normal Day
1/29/2024,ALA CARTE - BBQ & MALUNGGAY DILIS,6,Normal Day
2/5/2024,ALA CARTE - BBQ & MALUNGGAY DILIS,7,"Holiday - Additional Special Non-Working Day, Holiday - Chinese New Year"
2/12/2024,ALA CARTE - BBQ & MALUNGGAY DILIS,25,Normal Day
2/19/2024,ALA CARTE - BBQ & MALUNGGAY DILIS,11,Normal Day
2/26/2024,ALA CARTE - BBQ & MALUNGGAY DILIS,6,Normal Day
3/4/2024,ALA CARTE - BBQ & MALUNGGAY DILIS,13,Normal Day
3/11/2024,ALA CARTE - BBQ & MALUNGGAY DILIS,8,Normal Day
3/18/2024,ALA CARTE - BBQ & MALUNGGAY DILIS,24,Normal Day
3/25/2024,ALA CARTE - BBQ & MALUNGGAY DILIS,25,"Class Suspension (12:00 pm onwards), Holiday - Black Saturday, Holiday - Good Friday, Holiday - Maundy Thursday"
4/1/2024,ALA CARTE - BBQ & MALUNGGAY DILIS,0,Normal Day
4/8/2024,ALA CARTE - BBQ & MALUNGGAY DILIS,0,Holiday - Eid'l Fitr
4/15/2024,ALA CARTE - BBQ & MALUNGGAY DILIS,0,Normal Day
4/22/2024,ALA CARTE - BBQ & MALUNGGAY DILIS,0,Normal Day
4/29/2024,ALA CARTE - BBQ & MALUNGGAY DILIS,48,"Class Suspension (F2F) - Transport Strike, Class Suspension - High Temperature, Holiday - Labor Day"
5/6/2024,ALA CARTE - BBQ & MALUNGGAY DILIS,7,Normal Day
5/13/2024,ALA CARTE - BBQ & MALUNGGAY DILIS,15,Normal Day
5/20/2024,ALA CARTE - BBQ & MALUNGGAY DILIS,12,Normal Day
5/27/2024,ALA CARTE - BBQ & MALUNGGAY DILIS,10,Normal Day
6/3/2024,ALA CARTE - BBQ & MALUNGGAY DILIS,11,Normal Day
6/10/2024,ALA CARTE - BBQ & MALUNGGAY DILIS,22,Holiday - Independence Day
6/17/2024,ALA CARTE - BBQ & MALUNGGAY DILIS,7,Normal Day
6/24/2024,ALA CARTE - BBQ & MALUNGGAY DILIS,18,Normal Day
7/1/2024,ALA CARTE - BBQ & MALUNGGAY DILIS,2,Class Suspension - Sangyaw Festival
7/8/2024,ALA CARTE - BBQ & MALUNGGAY DILIS,9,Normal Day
7/15/2024,ALA CARTE - BBQ & MALUNGGAY DILIS,5,Normal Day
7/22/2024,ALA CARTE - BBQ & MALUNGGAY DILIS,2,Normal Day
7/29/2024,ALA CARTE - BBQ & MALUNGGAY DILIS,0,Class Suspension - Bagong Pilipinas Serbisyo Fair
8/5/2024,ALA CARTE - BBQ & MALUNGGAY DILIS,0,Normal Day
8/12/2024,ALA CARTE - BBQ & MALUNGGAY DILIS,0,Normal Day
8/19/2024,ALA CARTE - BBQ & MALUNGGAY DILIS,0,Holiday - Ninoy Aquino Day
8/26/2024,ALA CARTE - BBQ & MALUNGGAY DILIS,0,Holiday - National Heroes Day
9/2/2024,ALA CARTE - BBQ & MALUNGGAY DILIS,0,Normal Day
9/9/2024,ALA CARTE - BBQ & MALUNGGAY DILIS,0,Normal Day
9/16/2024,ALA CARTE - BBQ & MALUNGGAY DILIS,0,Normal Day
9/23/2024,ALA CARTE - BBQ & MALUNGGAY DILIS,0,Normal Day
9/30/2024,ALA CARTE - BBQ & MALUNGGAY DILIS,0,Class Suspension - World Teachers' Day
10/7/2024,ALA CARTE - BBQ & MALUNGGAY DILIS,0,Normal Day
10/14/2024,ALA CARTE - BBQ & MALUNGGAY DILIS,0,Normal Day
10/21/2024,ALA CARTE - BBQ & MALUNGGAY DILIS,0,"Class Suspension - Heavy Rainfall, Class Suspension - Typhoon Kristine"
10/28/2024,ALA CARTE - BBQ & MALUNGGAY DILIS,0,"Class Suspension (starting 12:01 pm) - All Saints Day, Holiday - All Saints' Day, Holiday - All Souls' Day"
11/4/2024,ALA CARTE - BBQ & MALUNGGAY DILIS,0,Class Suspension - Yolanda Day
11/11/2024,ALA CARTE - BBQ & MALUNGGAY DILIS,0,Class Suspension (starting 12:01 pm) - Typhoon Pepito
11/18/2024,ALA CARTE - BBQ & MALUNGGAY DILIS,0,Normal Day
11/25/2024,ALA CARTE - BBQ & MALUNGGAY DILIS,0,Holiday - Bonifacio Day
12/2/2024,ALA CARTE - BBQ & MALUNGGAY DILIS,0,Holiday - Feast of the Immaculate Conception of Mary
12/9/2024,ALA CARTE - BBQ & MALUNGGAY DILIS,0,Normal Day
12/16/2024,ALA CARTE - BBQ & MALUNGGAY DILIS,0,"Class Suspension - Low Pressure Area, Class Suspension - Typhoon Querubin"
12/23/2024,ALA CARTE - BBQ & MALUNGGAY DILIS,0,Holiday - Christmas Eve
12/30/2024,ALA CARTE - BBQ & MALUNGGAY DILIS,0,"Holiday - Last Day of the Year, Holiday - Rizal Day"
1/6/2025,ALA CARTE - BBQ & MALUNGGAY DILIS,0,Normal Day
1/13/2025,ALA CARTE - BBQ & MALUNGGAY DILIS,0,Normal Day
1/20/2025,ALA CARTE - BBQ & MALUNGGAY DILIS,0,Normal Day
1/27/2025,ALA CARTE - BBQ & MALUNGGAY DILIS,0,Holiday - Chinese New Year
2/3/2025,ALA CARTE - BBQ & MALUNGGAY DILIS,0,Normal Day
2/10/2025,ALA CARTE - BBQ & MALUNGGAY DILIS,0,Class Suspension - Heavy Rainfall
2/17/2025,ALA CARTE - BBQ & MALUNGGAY DILIS,0,Class Suspension - Heavy Rainfall
2/24/2025,ALA CARTE - BBQ & MALUNGGAY DILIS,0,Normal Day
3/3/2025,ALA CARTE - BBQ & MALUNGGAY DILIS,0,Normal Day
3/10/2025,ALA CARTE - BBQ & MALUNGGAY DILIS,0,Normal Day
3/17/2025,ALA CARTE - BBQ & MALUNGGAY DILIS,0,Class Suspension - Heavy Rainfall
3/24/2025,ALA CARTE - BBQ & MALUNGGAY DILIS,6,Forecast
3/31/2025,ALA CARTE - BBQ & MALUNGGAY DILIS,6,Forecast
4/7/2025,ALA CARTE - BBQ & MALUNGGAY DILIS,6,Forecast
4/14/2025,ALA CARTE - BBQ & MALUNGGAY DILIS,6,Forecast
4/21/2025,ALA CARTE - BBQ & MALUNGGAY DILIS,6,Forecast
4/28/2025,ALA CARTE - BBQ & MALUNGGAY DILIS,5,Forecast
5/5/2025,ALA CARTE - BBQ & MALUNGGAY DILIS,5,Forecast
5/12/2025,ALA CARTE - BBQ & MALUNGGAY DILIS,5,Forecast
5/19/2025,ALA CARTE - BBQ & MALUNGGAY DILIS,5,Forecast
5/26/2025,ALA CARTE - BBQ & MALUNGGAY DILIS,5,Forecast
6/2/2025,ALA CARTE - BBQ & MALUNGGAY DILIS,5,Forecast
6/9/2025,ALA CARTE - BBQ & MALUNGGAY DILIS,5,Forecast
4/3/2023,ALA CARTE - SALT & PEPPER TOFU,0,Holiday - Black Saturday
4/10/2023,ALA CARTE - SALT & PEPPER TOFU,0,Normal Day
4/17/2023,ALA CARTE - SALT & PEPPER TOFU,0,Normal Day
4/24/2023,ALA CARTE - SALT & PEPPER TOFU,0,Normal Day
5/1/2023,ALA CARTE - SALT & PEPPER TOFU,0,Normal Day
5/8/2023,ALA CARTE - SALT & PEPPER TOFU,0,Class Suspension - High Temperature
5/15/2023,ALA CARTE - SALT & PEPPER TOFU,0,Normal Day
5/22/2023,ALA CARTE - SALT & PEPPER TOFU,0,Normal Day
5/29/2023,ALA CARTE - SALT & PEPPER TOFU,0,Normal Day
6/5/2023,ALA CARTE - SALT & PEPPER TOFU,0,Normal Day
6/12/2023,ALA CARTE - SALT & PEPPER TOFU,0,Normal Day
6/19/2023,ALA CARTE - SALT & PEPPER TOFU,0,Normal Day
6/26/2023,ALA CARTE - SALT & PEPPER TOFU,0,"Class Suspension - Sangyaw Festival, Class Suspension - Tacloban Day"
7/3/2023,ALA CARTE - SALT & PEPPER TOFU,0,Normal Day
7/10/2023,ALA CARTE - SALT & PEPPER TOFU,0,Normal Day
7/17/2023,ALA CARTE - SALT & PEPPER TOFU,0,Normal Day
7/24/2023,ALA CARTE - SALT & PEPPER TOFU,0,Normal Day
7/31/2023,ALA CARTE - SALT & PEPPER TOFU,0,Normal Day
8/7/2023,ALA CARTE - SALT & PEPPER TOFU,0,Normal Day
8/14/2023,ALA CARTE - SALT & PEPPER TOFU,0,Normal Day
8/21/2023,ALA CARTE - SALT & PEPPER TOFU,0,Holiday - Ninoy Aquino Day
8/28/2023,ALA CARTE - SALT & PEPPER TOFU,0,Normal Day
9/4/2023,ALA CARTE - SALT & PEPPER TOFU,0,Normal Day
9/11/2023,ALA CARTE - SALT & PEPPER TOFU,0,Normal Day
9/18/2023,ALA CARTE - SALT & PEPPER TOFU,0,Normal Day
9/25/2023,ALA CARTE - SALT & PEPPER TOFU,0,Normal Day
10/2/2023,ALA CARTE - SALT & PEPPER TOFU,0,Class Suspension - World Teachers' Day
10/9/2023,ALA CARTE - SALT & PEPPER TOFU,0,Normal Day
10/16/2023,ALA CARTE - SALT & PEPPER TOFU,0,Normal Day
10/23/2023,ALA CARTE - SALT & PEPPER TOFU,0,Normal Day
10/30/2023,ALA CARTE - SALT & PEPPER TOFU,0,"Class Suspension (starting 12:01 pm) - All Saints Day, Holiday - All Saints' Day, Holiday - All Souls' Day, Holiday - Baranggay and Sangguniang Kabataan Elections"
11/6/2023,ALA CARTE - SALT & PEPPER TOFU,0,Class Suspension - Yolanda Day
11/13/2023,ALA CARTE - SALT & PEPPER TOFU,0,Normal Day
11/20/2023,ALA CARTE - SALT & PEPPER TOFU,0,Class Suspension - Heavy Rainfall
11/27/2023,ALA CARTE - SALT & PEPPER TOFU,0,Normal Day
12/4/2023,ALA CARTE - SALT & PEPPER TOFU,0,Holiday - Feast of the Immaculate Conception of Mary
12/11/2023,ALA CARTE - SALT & PEPPER TOFU,0,Normal Day
12/18/2023,ALA CARTE - SALT & PEPPER TOFU,0,"Class Suspension, Class Suspension - 15th HUC Day"
12/25/2023,ALA CARTE - SALT & PEPPER TOFU,0,Holiday - Additional Special Non-Working Day
1/1/2024,ALA CARTE - SALT & PEPPER TOFU,0,Normal Day
1/8/2024,ALA CARTE - SALT & PEPPER TOFU,0,Normal Day
1/15/2024,ALA CARTE - SALT & PEPPER TOFU,0,Normal Day
1/22/2024,ALA CARTE - SALT & PEPPER TOFU,0,Normal Day
1/29/2024,ALA CARTE - SALT & PEPPER TOFU,0,Normal Day
2/5/2024,ALA CARTE - SALT & PEPPER TOFU,0,"Holiday - Additional Special Non-Working Day, Holiday - Chinese New Year"
2/12/2024,ALA CARTE - SALT & PEPPER TOFU,0,Normal Day
2/19/2024,ALA CARTE - SALT & PEPPER TOFU,0,Normal Day
2/26/2024,ALA CARTE - SALT & PEPPER TOFU,0,Normal Day
3/4/2024,ALA CARTE - SALT & PEPPER TOFU,0,Normal Day
3/11/2024,ALA CARTE - SALT & PEPPER TOFU,0,Normal Day
3/18/2024,ALA CARTE - SALT & PEPPER TOFU,0,Normal Day
3/25/2024,ALA CARTE - SALT & PEPPER TOFU,0,"Class Suspension (12:00 pm onwards), Holiday - Black Saturday, Holiday - Good Friday, Holiday - Maundy Thursday"
4/1/2024,ALA CARTE - SALT & PEPPER TOFU,1,Normal Day
4/8/2024,ALA CARTE - SALT & PEPPER TOFU,0,Holiday - Eid'l Fitr
4/15/2024,ALA CARTE - SALT & PEPPER TOFU,0,Normal Day
4/22/2024,ALA CARTE - SALT & PEPPER TOFU,0,Normal Day
4/29/2024,ALA CARTE - SALT & PEPPER TOFU,0,"Class Suspension (F2F) - Transport Strike, Class Suspension - High Temperature, Holiday - Labor Day"
5/6/2024,ALA CARTE - SALT & PEPPER TOFU,14,Normal Day
5/13/2024,ALA CARTE - SALT & PEPPER TOFU,16,Normal Day
5/20/2024,ALA CARTE - SALT & PEPPER TOFU,8,Normal Day
5/27/2024,ALA CARTE - SALT & PEPPER TOFU,20,Normal Day
6/3/2024,ALA CARTE - SALT & PEPPER TOFU,13,Normal Day
6/10/2024,ALA CARTE - SALT & PEPPER TOFU,10,Holiday - Independence Day
6/17/2024,ALA CARTE - SALT & PEPPER TOFU,7,Normal Day
6/24/2024,ALA CARTE - SALT & PEPPER TOFU,8,Normal Day
7/1/2024,ALA CARTE - SALT & PEPPER TOFU,9,Class Suspension - Sangyaw Festival
7/8/2024,ALA CARTE - SALT & PEPPER TOFU,6,Normal Day
7/15/2024,ALA CARTE - SALT & PEPPER TOFU,10,Normal Day
7/22/2024,ALA CARTE - SALT & PEPPER TOFU,10,Normal Day
7/29/2024,ALA CARTE - SALT & PEPPER TOFU,8,Class Suspension - Bagong Pilipinas Serbisyo Fair
8/5/2024,ALA CARTE - SALT & PEPPER TOFU,10,Normal Day
8/12/2024,ALA CARTE - SALT & PEPPER TOFU,9,Normal Day
8/19/2024,ALA CARTE - SALT & PEPPER TOFU,3,Holiday - Ninoy Aquino Day
8/26/2024,ALA CARTE - SALT & PEPPER TOFU,16,Holiday - National Heroes Day
9/2/2024,ALA CARTE - SALT & PEPPER TOFU,12,Normal Day
9/9/2024,ALA CARTE - SALT & PEPPER TOFU,17,Normal Day
9/16/2024,ALA CARTE - SALT & PEPPER TOFU,13,Normal Day
9/23/2024,ALA CARTE - SALT & PEPPER TOFU,6,Normal Day
9/30/2024,ALA CARTE - SALT & PEPPER TOFU,17,Class Suspension - World Teachers' Day
10/7/2024,ALA CARTE - SALT & PEPPER TOFU,15,Normal Day
10/14/2024,ALA CARTE - SALT & PEPPER TOFU,15,Normal Day
10/21/2024,ALA CARTE - SALT & PEPPER TOFU,21,"Class Suspension - Heavy Rainfall, Class Suspension - Typhoon Kristine"
10/28/2024,ALA CARTE - SALT & PEPPER TOFU,21,"Class Suspension (starting 12:01 pm) - All Saints Day, Holiday - All Saints' Day, Holiday - All Souls' Day"
11/4/2024,ALA CARTE - SALT & PEPPER TOFU,24,Class Suspension - Yolanda Day
11/11/2024,ALA CARTE - SALT & PEPPER TOFU,27,Class Suspension (starting 12:01 pm) - Typhoon Pepito
11/18/2024,ALA CARTE - SALT & PEPPER TOFU,26,Normal Day
11/25/2024,ALA CARTE - SALT & PEPPER TOFU,23,Holiday - Bonifacio Day
12/2/2024,ALA CARTE - SALT & PEPPER TOFU,19,Holiday - Feast of the Immaculate Conception of Mary
12/9/2024,ALA CARTE - SALT & PEPPER TOFU,14,Normal Day
12/16/2024,ALA CARTE - SALT & PEPPER TOFU,12,"Class Suspension - Low Pressure Area, Class Suspension - Typhoon Querubin"
12/23/2024,ALA CARTE - SALT & PEPPER TOFU,20,Holiday - Christmas Eve
12/30/2024,ALA CARTE - SALT & PEPPER TOFU,19,"Holiday - Last Day of the Year, Holiday - Rizal Day"
1/6/2025,ALA CARTE - SALT & PEPPER TOFU,22,Normal Day
1/13/2025,ALA CARTE - SALT & PEPPER TOFU,24,Normal Day
1/20/2025,ALA CARTE - SALT & PEPPER TOFU,19,Normal Day
1/27/2025,ALA CARTE - SALT & PEPPER TOFU,21,Holiday - Chinese New Year
2/3/2025,ALA CARTE - SALT & PEPPER TOFU,20,Normal Day
2/10/2025,ALA CARTE - SALT & PEPPER TOFU,17,Class Suspension - Heavy Rainfall
2/17/2025,ALA CARTE - SALT & PEPPER TOFU,18,Class Suspension - Heavy Rainfall
2/24/2025,ALA CARTE - SALT & PEPPER TOFU,17,Normal Day
3/3/2025,ALA CARTE - SALT & PEPPER TOFU,16,Normal Day
3/10/2025,ALA CARTE - SALT & PEPPER TOFU,8,Normal Day
3/17/2025,ALA CARTE - SALT & PEPPER TOFU,8,Class Suspension - Heavy Rainfall
3/24/2025,ALA CARTE - SALT & PEPPER TOFU,20,Forecast
3/31/2025,ALA CARTE - SALT & PEPPER TOFU,20,Forecast
4/7/2025,ALA CARTE - SALT & PEPPER TOFU,20,Forecast
4/14/2025,ALA CARTE - SALT & PEPPER TOFU,20,Forecast
4/21/2025,ALA CARTE - SALT & PEPPER TOFU,20,Forecast
4/28/2025,ALA CARTE - SALT & PEPPER TOFU,21,Forecast
5/5/2025,ALA CARTE - SALT & PEPPER TOFU,21,Forecast
5/12/2025,ALA CARTE - SALT & PEPPER TOFU,21,Forecast
5/19/2025,ALA CARTE - SALT & PEPPER TOFU,21,Forecast
5/26/2025,ALA CARTE - SALT & PEPPER TOFU,21,Forecast
6/2/2025,ALA CARTE - SALT & PEPPER TOFU,22,Forecast
6/9/2025,ALA CARTE - SALT & PEPPER TOFU,22,Forecast
4/3/2023,ALA CARTE - TOFU & MUSHROOM SISIG WITH VEGGIE SLAW,0,Holiday - Black Saturday
4/10/2023,ALA CARTE - TOFU & MUSHROOM SISIG WITH VEGGIE SLAW,0,Normal Day
4/17/2023,ALA CARTE - TOFU & MUSHROOM SISIG WITH VEGGIE SLAW,0,Normal Day
4/24/2023,ALA CARTE - TOFU & MUSHROOM SISIG WITH VEGGIE SLAW,0,Normal Day
5/1/2023,ALA CARTE - TOFU & MUSHROOM SISIG WITH VEGGIE SLAW,0,Normal Day
5/8/2023,ALA CARTE - TOFU & MUSHROOM SISIG WITH VEGGIE SLAW,0,Class Suspension - High Temperature
5/15/2023,ALA CARTE - TOFU & MUSHROOM SISIG WITH VEGGIE SLAW,0,Normal Day
5/22/2023,ALA CARTE - TOFU & MUSHROOM SISIG WITH VEGGIE SLAW,0,Normal Day
5/29/2023,ALA CARTE - TOFU & MUSHROOM SISIG WITH VEGGIE SLAW,0,Normal Day
6/5/2023,ALA CARTE - TOFU & MUSHROOM SISIG WITH VEGGIE SLAW,0,Normal Day
6/12/2023,ALA CARTE - TOFU & MUSHROOM SISIG WITH VEGGIE SLAW,0,Normal Day
6/19/2023,ALA CARTE - TOFU & MUSHROOM SISIG WITH VEGGIE SLAW,0,Normal Day
6/26/2023,ALA CARTE - TOFU & MUSHROOM SISIG WITH VEGGIE SLAW,0,"Class Suspension - Sangyaw Festival, Class Suspension - Tacloban Day"
7/3/2023,ALA CARTE - TOFU & MUSHROOM SISIG WITH VEGGIE SLAW,0,Normal Day
7/10/2023,ALA CARTE - TOFU & MUSHROOM SISIG WITH VEGGIE SLAW,0,Normal Day
7/17/2023,ALA CARTE - TOFU & MUSHROOM SISIG WITH VEGGIE SLAW,0,Normal Day
7/24/2023,ALA CARTE - TOFU & MUSHROOM SISIG WITH VEGGIE SLAW,0,Normal Day
7/31/2023,ALA CARTE - TOFU & MUSHROOM SISIG WITH VEGGIE SLAW,0,Normal Day
8/7/2023,ALA CARTE - TOFU & MUSHROOM SISIG WITH VEGGIE SLAW,0,Normal Day
8/14/2023,ALA CARTE - TOFU & MUSHROOM SISIG WITH VEGGIE SLAW,16,Normal Day
8/21/2023,ALA CARTE - TOFU & MUSHROOM SISIG WITH VEGGIE SLAW,0,Holiday - Ninoy Aquino Day
8/28/2023,ALA CARTE - TOFU & MUSHROOM SISIG WITH VEGGIE SLAW,13,Normal Day
9/4/2023,ALA CARTE - TOFU & MUSHROOM SISIG WITH VEGGIE SLAW,9,Normal Day
9/11/2023,ALA CARTE - TOFU & MUSHROOM SISIG WITH VEGGIE SLAW,15,Normal Day
9/18/2023,ALA CARTE - TOFU & MUSHROOM SISIG WITH VEGGIE SLAW,17,Normal Day
9/25/2023,ALA CARTE - TOFU & MUSHROOM SISIG WITH VEGGIE SLAW,13,Normal Day
10/2/2023,ALA CARTE - TOFU & MUSHROOM SISIG WITH VEGGIE SLAW,3,Class Suspension - World Teachers' Day
10/9/2023,ALA CARTE - TOFU & MUSHROOM SISIG WITH VEGGIE SLAW,6,Normal Day
10/16/2023,ALA CARTE - TOFU & MUSHROOM SISIG WITH VEGGIE SLAW,11,Normal Day
10/23/2023,ALA CARTE - TOFU & MUSHROOM SISIG WITH VEGGIE SLAW,13,Normal Day
10/30/2023,ALA CARTE - TOFU & MUSHROOM SISIG WITH VEGGIE SLAW,6,"Class Suspension (starting 12:01 pm) - All Saints Day, Holiday - All Saints' Day, Holiday - All Souls' Day, Holiday - Baranggay and Sangguniang Kabataan Elections"
11/6/2023,ALA CARTE - TOFU & MUSHROOM SISIG WITH VEGGIE SLAW,9,Class Suspension - Yolanda Day
11/13/2023,ALA CARTE - TOFU & MUSHROOM SISIG WITH VEGGIE SLAW,14,Normal Day
11/20/2023,ALA CARTE - TOFU & MUSHROOM SISIG WITH VEGGIE SLAW,11,Class Suspension - Heavy Rainfall
11/27/2023,ALA CARTE - TOFU & MUSHROOM SISIG WITH VEGGIE SLAW,4,Normal Day
12/4/2023,ALA CARTE - TOFU & MUSHROOM SISIG WITH VEGGIE SLAW,7,Holiday - Feast of the Immaculate Conception of Mary
12/11/2023,ALA CARTE - TOFU & MUSHROOM SISIG WITH VEGGIE SLAW,5,Normal Day
12/18/2023,ALA CARTE - TOFU & MUSHROOM SISIG WITH VEGGIE SLAW,4,"Class Suspension, Class Suspension - 15th HUC Day"
12/25/2023,ALA CARTE - TOFU & MUSHROOM SISIG WITH VEGGIE SLAW,8,Holiday - Additional Special Non-Working Day
1/1/2024,ALA CARTE - TOFU & MUSHROOM SISIG WITH VEGGIE SLAW,5,Normal Day
1/8/2024,ALA CARTE - TOFU & MUSHROOM SISIG WITH VEGGIE SLAW,10,Normal Day
1/15/2024,ALA CARTE - TOFU & MUSHROOM SISIG WITH VEGGIE SLAW,6,Normal Day
1/22/2024,ALA CARTE - TOFU & MUSHROOM SISIG WITH VEGGIE SLAW,5,Normal Day
1/29/2024,ALA CARTE - TOFU & MUSHROOM SISIG WITH VEGGIE SLAW,15,Normal Day
2/5/2024,ALA CARTE - TOFU & MUSHROOM SISIG WITH VEGGIE SLAW,7,"Holiday - Additional Special Non-Working Day, Holiday - Chinese New Year"
2/12/2024,ALA CARTE - TOFU & MUSHROOM SISIG WITH VEGGIE SLAW,16,Normal Day
2/19/2024,ALA CARTE - TOFU & MUSHROOM SISIG WITH VEGGIE SLAW,10,Normal Day
2/26/2024,ALA CARTE - TOFU & MUSHROOM SISIG WITH VEGGIE SLAW,15,Normal Day
3/4/2024,ALA CARTE - TOFU & MUSHROOM SISIG WITH VEGGIE SLAW,13,Normal Day
3/11/2024,ALA CARTE - TOFU & MUSHROOM SISIG WITH VEGGIE SLAW,10,Normal Day
3/18/2024,ALA CARTE - TOFU & MUSHROOM SISIG WITH VEGGIE SLAW,9,Normal Day
3/25/2024,ALA CARTE - TOFU & MUSHROOM SISIG WITH VEGGIE SLAW,13,"Class Suspension (12:00 pm onwards), Holiday - Black Saturday, Holiday - Good Friday, Holiday - Maundy Thursday"
4/1/2024,ALA CARTE - TOFU & MUSHROOM SISIG WITH VEGGIE SLAW,21,Normal Day
4/8/2024,ALA CARTE - TOFU & MUSHROOM SISIG WITH VEGGIE SLAW,13,Holiday - Eid'l Fitr
4/15/2024,ALA CARTE - TOFU & MUSHROOM SISIG WITH VEGGIE SLAW,13,Normal Day
4/22/2024,ALA CARTE - TOFU & MUSHROOM SISIG WITH VEGGIE SLAW,4,Normal Day
4/29/2024,ALA CARTE - TOFU & MUSHROOM SISIG WITH VEGGIE SLAW,9,"Class Suspension (F2F) - Transport Strike, Class Suspension - High Temperature, Holiday - Labor Day"
5/6/2024,ALA CARTE - TOFU & MUSHROOM SISIG WITH VEGGIE SLAW,12,Normal Day
5/13/2024,ALA CARTE - TOFU & MUSHROOM SISIG WITH VEGGIE SLAW,12,Normal Day
5/20/2024,ALA CARTE - TOFU & MUSHROOM SISIG WITH VEGGIE SLAW,10,Normal Day
5/27/2024,ALA CARTE - TOFU & MUSHROOM SISIG WITH VEGGIE SLAW,7,Normal Day
6/3/2024,ALA CARTE - TOFU & MUSHROOM SISIG WITH VEGGIE SLAW,13,Normal Day
6/10/2024,ALA CARTE - TOFU & MUSHROOM SISIG WITH VEGGIE SLAW,4,Holiday - Independence Day
6/17/2024,ALA CARTE - TOFU & MUSHROOM SISIG WITH VEGGIE SLAW,7,Normal Day
6/24/2024,ALA CARTE - TOFU & MUSHROOM SISIG WITH VEGGIE SLAW,6,Normal Day
7/1/2024,ALA CARTE - TOFU & MUSHROOM SISIG WITH VEGGIE SLAW,5,Class Suspension - Sangyaw Festival
7/8/2024,ALA CARTE - TOFU & MUSHROOM SISIG WITH VEGGIE SLAW,6,Normal Day
7/15/2024,ALA CARTE - TOFU & MUSHROOM SISIG WITH VEGGIE SLAW,9,Normal Day
7/22/2024,ALA CARTE - TOFU & MUSHROOM SISIG WITH VEGGIE SLAW,8,Normal Day
7/29/2024,ALA CARTE - TOFU & MUSHROOM SISIG WITH VEGGIE SLAW,7,Class Suspension - Bagong Pilipinas Serbisyo Fair
8/5/2024,ALA CARTE - TOFU & MUSHROOM SISIG WITH VEGGIE SLAW,5,Normal Day
8/12/2024,ALA CARTE - TOFU & MUSHROOM SISIG WITH VEGGIE SLAW,6,Normal Day
8/19/2024,ALA CARTE - TOFU & MUSHROOM SISIG WITH VEGGIE SLAW,9,Holiday - Ninoy Aquino Day
8/26/2024,ALA CARTE - TOFU & MUSHROOM SISIG WITH VEGGIE SLAW,6,Holiday - National Heroes Day
9/2/2024,ALA CARTE - TOFU & MUSHROOM SISIG WITH VEGGIE SLAW,10,Normal Day
9/9/2024,ALA CARTE - TOFU & MUSHROOM SISIG WITH VEGGIE SLAW,5,Normal Day
9/16/2024,ALA CARTE - TOFU & MUSHROOM SISIG WITH VEGGIE SLAW,8,Normal Day
9/23/2024,ALA CARTE - TOFU & MUSHROOM SISIG WITH VEGGIE SLAW,6,Normal Day
9/30/2024,ALA CARTE - TOFU & MUSHROOM SISIG WITH VEGGIE SLAW,10,Class Suspension - World Teachers' Day
10/7/2024,ALA CARTE - TOFU & MUSHROOM SISIG WITH VEGGIE SLAW,8,Normal Day
10/14/2024,ALA CARTE - TOFU & MUSHROOM SISIG WITH VEGGIE SLAW,11,Normal Day
10/21/2024,ALA CARTE - TOFU & MUSHROOM SISIG WITH VEGGIE SLAW,10,"Class Suspension - Heavy Rainfall, Class Suspension - Typhoon Kristine"
10/28/2024,ALA CARTE - TOFU & MUSHROOM SISIG WITH VEGGIE SLAW,5,"Class Suspension (starting 12:01 pm) - All Saints Day, Holiday - All Saints' Day, Holiday - All Souls' Day"
11/4/2024,ALA CARTE - TOFU & MUSHROOM SISIG WITH VEGGIE SLAW,3,Class Suspension - Yolanda Day
11/11/2024,ALA CARTE - TOFU & MUSHROOM SISIG WITH VEGGIE SLAW,17,Class Suspension (starting 12:01 pm) - Typhoon Pepito
11/18/2024,ALA CARTE - TOFU & MUSHROOM SISIG WITH VEGGIE SLAW,3,Normal Day
11/25/2024,ALA CARTE - TOFU & MUSHROOM SISIG WITH VEGGIE SLAW,6,Holiday - Bonifacio Day
12/2/2024,ALA CARTE - TOFU & MUSHROOM SISIG WITH VEGGIE SLAW,4,Holiday - Feast of the Immaculate Conception of Mary
12/9/2024,ALA CARTE - TOFU & MUSHROOM SISIG WITH VEGGIE SLAW,3,Normal Day
12/16/2024,ALA CARTE - TOFU & MUSHROOM SISIG WITH VEGGIE SLAW,5,"Class Suspension - Low Pressure Area, Class Suspension - Typhoon Querubin"
12/23/2024,ALA CARTE - TOFU & MUSHROOM SISIG WITH VEGGIE SLAW,21,Holiday - Christmas Eve
12/30/2024,ALA CARTE - TOFU & MUSHROOM SISIG WITH VEGGIE SLAW,5,"Holiday - Last Day of the Year, Holiday - Rizal Day"
1/6/2025,ALA CARTE - TOFU & MUSHROOM SISIG WITH VEGGIE SLAW,14,Normal Day
1/13/2025,ALA CARTE - TOFU & MUSHROOM SISIG WITH VEGGIE SLAW,8,Normal Day
1/20/2025,ALA CARTE - TOFU & MUSHROOM SISIG WITH VEGGIE SLAW,10,Normal Day
1/27/2025,ALA CARTE - TOFU & MUSHROOM SISIG WITH VEGGIE SLAW,7,Holiday - Chinese New Year
2/3/2025,ALA CARTE - TOFU & MUSHROOM SISIG WITH VEGGIE SLAW,16,Normal Day
2/10/2025,ALA CARTE - TOFU & MUSHROOM SISIG WITH VEGGIE SLAW,7,Class Suspension - Heavy Rainfall
2/17/2025,ALA CARTE - TOFU & MUSHROOM SISIG WITH VEGGIE SLAW,10,Class Suspension - Heavy Rainfall
2/24/2025,ALA CARTE - TOFU & MUSHROOM SISIG WITH VEGGIE SLAW,6,Normal Day
3/3/2025,ALA CARTE - TOFU & MUSHROOM SISIG WITH VEGGIE SLAW,9,Normal Day
3/10/2025,ALA CARTE - TOFU & MUSHROOM SISIG WITH VEGGIE SLAW,7,Normal Day
3/17/2025,ALA CARTE - TOFU & MUSHROOM SISIG WITH VEGGIE SLAW,6,Class Suspension - Heavy Rainfall
3/24/2025,ALA CARTE - TOFU & MUSHROOM SISIG WITH VEGGIE SLAW,8,Forecast
3/31/2025,ALA CARTE - TOFU & MUSHROOM SISIG WITH VEGGIE SLAW,8,Forecast
4/7/2025,ALA CARTE - TOFU & MUSHROOM SISIG WITH VEGGIE SLAW,8,Forecast
4/14/2025,ALA CARTE - TOFU & MUSHROOM SISIG WITH VEGGIE SLAW,8,Forecast
4/21/2025,ALA CARTE - TOFU & MUSHROOM SISIG WITH VEGGIE SLAW,8,Forecast
4/28/2025,ALA CARTE - TOFU & MUSHROOM SISIG WITH VEGGIE SLAW,8,Forecast
5/5/2025,ALA CARTE - TOFU & MUSHROOM SISIG WITH VEGGIE SLAW,8,Forecast
5/12/2025,ALA CARTE - TOFU & MUSHROOM SISIG WITH VEGGIE SLAW,8,Forecast
5/19/2025,ALA CARTE - TOFU & MUSHROOM SISIG WITH VEGGIE SLAW,8,Forecast
5/26/2025,ALA CARTE - TOFU & MUSHROOM SISIG WITH VEGGIE SLAW,8,Forecast
6/2/2025,ALA CARTE - TOFU & MUSHROOM SISIG WITH VEGGIE SLAW,7,Forecast
6/9/2025,ALA CARTE - TOFU & MUSHROOM SISIG WITH VEGGIE SLAW,7,Forecast
4/3/2023,COFFEE - AGAVE LATTE,0,Holiday - Black Saturday
4/10/2023,COFFEE - AGAVE LATTE,0,Normal Day
4/17/2023,COFFEE - AGAVE LATTE,0,Normal Day
4/24/2023,COFFEE - AGAVE LATTE,0,Normal Day
5/1/2023,COFFEE - AGAVE LATTE,0,Normal Day
5/8/2023,COFFEE - AGAVE LATTE,0,Class Suspension - High Temperature
5/15/2023,COFFEE - AGAVE LATTE,0,Normal Day
5/22/2023,COFFEE - AGAVE LATTE,0,Normal Day
5/29/2023,COFFEE - AGAVE LATTE,0,Normal Day
6/5/2023,COFFEE - AGAVE LATTE,0,Normal Day
6/12/2023,COFFEE - AGAVE LATTE,0,Normal Day
6/19/2023,COFFEE - AGAVE LATTE,0,Normal Day
6/26/2023,COFFEE - AGAVE LATTE,0,"Class Suspension - Sangyaw Festival, Class Suspension - Tacloban Day"
7/3/2023,COFFEE - AGAVE LATTE,0,Normal Day
7/10/2023,COFFEE - AGAVE LATTE,0,Normal Day
7/17/2023,COFFEE - AGAVE LATTE,0,Normal Day
7/24/2023,COFFEE - AGAVE LATTE,0,Normal Day
7/31/2023,COFFEE - AGAVE LATTE,0,Normal Day
8/7/2023,COFFEE - AGAVE LATTE,0,Normal Day
8/14/2023,COFFEE - AGAVE LATTE,0,Normal Day
8/21/2023,COFFEE - AGAVE LATTE,7,Holiday - Ninoy Aquino Day
8/28/2023,COFFEE - AGAVE LATTE,5,Normal Day
9/4/2023,COFFEE - AGAVE LATTE,5,Normal Day
9/11/2023,COFFEE - AGAVE LATTE,4,Normal Day
9/18/2023,COFFEE - AGAVE LATTE,5,Normal Day
9/25/2023,COFFEE - AGAVE LATTE,7,Normal Day
10/2/2023,COFFEE - AGAVE LATTE,3,Class Suspension - World Teachers' Day
10/9/2023,COFFEE - AGAVE LATTE,2,Normal Day
10/16/2023,COFFEE - AGAVE LATTE,3,Normal Day
10/23/2023,COFFEE - AGAVE LATTE,10,Normal Day
10/30/2023,COFFEE - AGAVE LATTE,5,"Class Suspension (starting 12:01 pm) - All Saints Day, Holiday - All Saints' Day, Holiday - All Souls' Day, Holiday - Baranggay and Sangguniang Kabataan Elections"
11/6/2023,COFFEE - AGAVE LATTE,7,Class Suspension - Yolanda Day
11/13/2023,COFFEE - AGAVE LATTE,4,Normal Day
11/20/2023,COFFEE - AGAVE LATTE,3,Class Suspension - Heavy Rainfall
11/27/2023,COFFEE - AGAVE LATTE,4,Normal Day
12/4/2023,COFFEE - AGAVE LATTE,8,Holiday - Feast of the Immaculate Conception of Mary
12/11/2023,COFFEE - AGAVE LATTE,8,Normal Day
12/18/2023,COFFEE - AGAVE LATTE,5,"Class Suspension, Class Suspension - 15th HUC Day"
12/25/2023,COFFEE - AGAVE LATTE,12,Holiday - Additional Special Non-Working Day
1/1/2024,COFFEE - AGAVE LATTE,1,Normal Day
1/8/2024,COFFEE - AGAVE LATTE,0,Normal Day
1/15/2024,COFFEE - AGAVE LATTE,6,Normal Day
1/22/2024,COFFEE - AGAVE LATTE,9,Normal Day
1/29/2024,COFFEE - AGAVE LATTE,8,Normal Day
2/5/2024,COFFEE - AGAVE LATTE,1,"Holiday - Additional Special Non-Working Day, Holiday - Chinese New Year"
2/12/2024,COFFEE - AGAVE LATTE,0,Normal Day
2/19/2024,COFFEE - AGAVE LATTE,4,Normal Day
2/26/2024,COFFEE - AGAVE LATTE,5,Normal Day
3/4/2024,COFFEE - AGAVE LATTE,12,Normal Day
3/11/2024,COFFEE - AGAVE LATTE,3,Normal Day
3/18/2024,COFFEE - AGAVE LATTE,5,Normal Day
3/25/2024,COFFEE - AGAVE LATTE,2,"Class Suspension (12:00 pm onwards), Holiday - Black Saturday, Holiday - Good Friday, Holiday - Maundy Thursday"
4/1/2024,COFFEE - AGAVE LATTE,6,Normal Day
4/8/2024,COFFEE - AGAVE LATTE,6,Holiday - Eid'l Fitr
4/15/2024,COFFEE - AGAVE LATTE,9,Normal Day
4/22/2024,COFFEE - AGAVE LATTE,8,Normal Day
4/29/2024,COFFEE - AGAVE LATTE,8,"Class Suspension (F2F) - Transport Strike, Class Suspension - High Temperature, Holiday - Labor Day"
5/6/2024,COFFEE - AGAVE LATTE,6,Normal Day
5/13/2024,COFFEE - AGAVE LATTE,5,Normal Day
5/20/2024,COFFEE - AGAVE LATTE,1,Normal Day
5/27/2024,COFFEE - AGAVE LATTE,2,Normal Day
6/3/2024,COFFEE - AGAVE LATTE,11,Normal Day
6/10/2024,COFFEE - AGAVE LATTE,8,Holiday - Independence Day
6/17/2024,COFFEE - AGAVE LATTE,10,Normal Day
6/24/2024,COFFEE - AGAVE LATTE,5,Normal Day
7/1/2024,COFFEE - AGAVE LATTE,8,Class Suspension - Sangyaw Festival
7/8/2024,COFFEE - AGAVE LATTE,7,Normal Day
7/15/2024,COFFEE - AGAVE LATTE,10,Normal Day
7/22/2024,COFFEE - AGAVE LATTE,8,Normal Day
7/29/2024,COFFEE - AGAVE LATTE,3,Class Suspension - Bagong Pilipinas Serbisyo Fair
8/5/2024,COFFEE - AGAVE LATTE,11,Normal Day
8/12/2024,COFFEE - AGAVE LATTE,13,Normal Day
8/19/2024,COFFEE - AGAVE LATTE,17,Holiday - Ninoy Aquino Day
8/26/2024,COFFEE - AGAVE LATTE,5,Holiday - National Heroes Day
9/2/2024,COFFEE - AGAVE LATTE,16,Normal Day
9/9/2024,COFFEE - AGAVE LATTE,8,Normal Day
9/16/2024,COFFEE - AGAVE LATTE,3,Normal Day
9/23/2024,COFFEE - AGAVE LATTE,6,Normal Day
9/30/2024,COFFEE - AGAVE LATTE,9,Class Suspension - World Teachers' Day
10/7/2024,COFFEE - AGAVE LATTE,6,Normal Day
10/14/2024,COFFEE - AGAVE LATTE,5,Normal Day
10/21/2024,COFFEE - AGAVE LATTE,5,"Class Suspension - Heavy Rainfall, Class Suspension - Typhoon Kristine"
10/28/2024,COFFEE - AGAVE LATTE,16,"Class Suspension (starting 12:01 pm) - All Saints Day, Holiday - All Saints' Day, Holiday - All Souls' Day"
11/4/2024,COFFEE - AGAVE LATTE,11,Class Suspension - Yolanda Day
11/11/2024,COFFEE - AGAVE LATTE,11,Class Suspension (starting 12:01 pm) - Typhoon Pepito
11/18/2024,COFFEE - AGAVE LATTE,25,Normal Day
11/25/2024,COFFEE - AGAVE LATTE,21,Holiday - Bonifacio Day
12/2/2024,COFFEE - AGAVE LATTE,17,Holiday - Feast of the Immaculate Conception of Mary
12/9/2024,COFFEE - AGAVE LATTE,23,Normal Day
12/16/2024,COFFEE - AGAVE LATTE,19,"Class Suspension - Low Pressure Area, Class Suspension - Typhoon Querubin"
12/23/2024,COFFEE - AGAVE LATTE,5,Holiday - Christmas Eve
12/30/2024,COFFEE - AGAVE LATTE,16,"Holiday - Last Day of the Year, Holiday - Rizal Day"
1/6/2025,COFFEE - AGAVE LATTE,27,Normal Day
1/13/2025,COFFEE - AGAVE LATTE,24,Normal Day
1/20/2025,COFFEE - AGAVE LATTE,26,Normal Day
1/27/2025,COFFEE - AGAVE LATTE,19,Holiday - Chinese New Year
2/3/2025,COFFEE - AGAVE LATTE,29,Normal Day
2/10/2025,COFFEE - AGAVE LATTE,22,Class Suspension - Heavy Rainfall
2/17/2025,COFFEE - AGAVE LATTE,15,Class Suspension - Heavy Rainfall
2/24/2025,COFFEE - AGAVE LATTE,23,Normal Day
3/3/2025,COFFEE - AGAVE LATTE,15,Normal Day
3/10/2025,COFFEE - AGAVE LATTE,16,Normal Day
3/17/2025,COFFEE - AGAVE LATTE,6,Class Suspension - Heavy Rainfall
3/24/2025,COFFEE - AGAVE LATTE,19,Forecast
3/31/2025,COFFEE - AGAVE LATTE,19,Forecast
4/7/2025,COFFEE - AGAVE LATTE,19,Forecast
4/14/2025,COFFEE - AGAVE LATTE,20,Forecast
4/21/2025,COFFEE - AGAVE LATTE,20,Forecast
4/28/2025,COFFEE - AGAVE LATTE,20,Forecast
5/5/2025,COFFEE - AGAVE LATTE,20,Forecast
5/12/2025,COFFEE - AGAVE LATTE,20,Forecast
5/19/2025,COFFEE - AGAVE LATTE,21,Forecast
5/26/2025,COFFEE - AGAVE LATTE,21,Forecast
6/2/2025,COFFEE - AGAVE LATTE,21,Forecast
6/9/2025,COFFEE - AGAVE LATTE,21,Forecast
4/3/2023,COFFEE - AMERICANO,0,Holiday - Black Saturday
4/10/2023,COFFEE - AMERICANO,0,Normal Day
4/17/2023,COFFEE - AMERICANO,2,Normal Day
4/24/2023,COFFEE - AMERICANO,4,Normal Day
5/1/2023,COFFEE - AMERICANO,6,Normal Day
5/8/2023,COFFEE - AMERICANO,7,Class Suspension - High Temperature
5/15/2023,COFFEE - AMERICANO,8,Normal Day
5/22/2023,COFFEE - AMERICANO,4,Normal Day
5/29/2023,COFFEE - AMERICANO,16,Normal Day
6/5/2023,COFFEE - AMERICANO,14,Normal Day
6/12/2023,COFFEE - AMERICANO,13,Normal Day
6/19/2023,COFFEE - AMERICANO,17,Normal Day
6/26/2023,COFFEE - AMERICANO,3,"Class Suspension - Sangyaw Festival, Class Suspension - Tacloban Day"
7/3/2023,COFFEE - AMERICANO,3,Normal Day
7/10/2023,COFFEE - AMERICANO,8,Normal Day
7/17/2023,COFFEE - AMERICANO,10,Normal Day
7/24/2023,COFFEE - AMERICANO,7,Normal Day
7/31/2023,COFFEE - AMERICANO,0,Normal Day
8/7/2023,COFFEE - AMERICANO,0,Normal Day
8/14/2023,COFFEE - AMERICANO,3,Normal Day
8/21/2023,COFFEE - AMERICANO,1,Holiday - Ninoy Aquino Day
8/28/2023,COFFEE - AMERICANO,8,Normal Day
9/4/2023,COFFEE - AMERICANO,17,Normal Day
9/11/2023,COFFEE - AMERICANO,2,Normal Day
9/18/2023,COFFEE - AMERICANO,9,Normal Day
9/25/2023,COFFEE - AMERICANO,9,Normal Day
10/2/2023,COFFEE - AMERICANO,8,Class Suspension - World Teachers' Day
10/9/2023,COFFEE - AMERICANO,8,Normal Day
10/16/2023,COFFEE - AMERICANO,3,Normal Day
10/23/2023,COFFEE - AMERICANO,11,Normal Day
10/30/2023,COFFEE - AMERICANO,8,"Class Suspension (starting 12:01 pm) - All Saints Day, Holiday - All Saints' Day, Holiday - All Souls' Day, Holiday - Baranggay and Sangguniang Kabataan Elections"
11/6/2023,COFFEE - AMERICANO,9,Class Suspension - Yolanda Day
11/13/2023,COFFEE - AMERICANO,3,Normal Day
11/20/2023,COFFEE - AMERICANO,6,Class Suspension - Heavy Rainfall
11/27/2023,COFFEE - AMERICANO,5,Normal Day
12/4/2023,COFFEE - AMERICANO,2,Holiday - Feast of the Immaculate Conception of Mary
12/11/2023,COFFEE - AMERICANO,4,Normal Day
12/18/2023,COFFEE - AMERICANO,3,"Class Suspension, Class Suspension - 15th HUC Day"
12/25/2023,COFFEE - AMERICANO,2,Holiday - Additional Special Non-Working Day
1/1/2024,COFFEE - AMERICANO,6,Normal Day
1/8/2024,COFFEE - AMERICANO,9,Normal Day
1/15/2024,COFFEE - AMERICANO,2,Normal Day
1/22/2024,COFFEE - AMERICANO,6,Normal Day
1/29/2024,COFFEE - AMERICANO,3,Normal Day
2/5/2024,COFFEE - AMERICANO,4,"Holiday - Additional Special Non-Working Day, Holiday - Chinese New Year"
2/12/2024,COFFEE - AMERICANO,11,Normal Day
2/19/2024,COFFEE - AMERICANO,7,Normal Day
2/26/2024,COFFEE - AMERICANO,2,Normal Day
3/4/2024,COFFEE - AMERICANO,2,Normal Day
3/11/2024,COFFEE - AMERICANO,5,Normal Day
3/18/2024,COFFEE - AMERICANO,8,Normal Day
3/25/2024,COFFEE - AMERICANO,6,"Class Suspension (12:00 pm onwards), Holiday - Black Saturday, Holiday - Good Friday, Holiday - Maundy Thursday"
4/1/2024,COFFEE - AMERICANO,10,Normal Day
4/8/2024,COFFEE - AMERICANO,6,Holiday - Eid'l Fitr
4/15/2024,COFFEE - AMERICANO,8,Normal Day
4/22/2024,COFFEE - AMERICANO,6,Normal Day
4/29/2024,COFFEE - AMERICANO,4,"Class Suspension (F2F) - Transport Strike, Class Suspension - High Temperature, Holiday - Labor Day"
5/6/2024,COFFEE - AMERICANO,5,Normal Day
5/13/2024,COFFEE - AMERICANO,9,Normal Day
5/20/2024,COFFEE - AMERICANO,8,Normal Day
5/27/2024,COFFEE - AMERICANO,9,Normal Day
6/3/2024,COFFEE - AMERICANO,12,Normal Day
6/10/2024,COFFEE - AMERICANO,8,Holiday - Independence Day
6/17/2024,COFFEE - AMERICANO,5,Normal Day
6/24/2024,COFFEE - AMERICANO,5,Normal Day
7/1/2024,COFFEE - AMERICANO,4,Class Suspension - Sangyaw Festival
7/8/2024,COFFEE - AMERICANO,12,Normal Day
7/15/2024,COFFEE - AMERICANO,3,Normal Day
7/22/2024,COFFEE - AMERICANO,5,Normal Day
7/29/2024,COFFEE - AMERICANO,3,Class Suspension - Bagong Pilipinas Serbisyo Fair
8/5/2024,COFFEE - AMERICANO,6,Normal Day
8/12/2024,COFFEE - AMERICANO,6,Normal Day
8/19/2024,COFFEE - AMERICANO,7,Holiday - Ninoy Aquino Day
8/26/2024,COFFEE - AMERICANO,1,Holiday - National Heroes Day
9/2/2024,COFFEE - AMERICANO,5,Normal Day
9/9/2024,COFFEE - AMERICANO,7,Normal Day
9/16/2024,COFFEE - AMERICANO,6,Normal Day
9/23/2024,COFFEE - AMERICANO,6,Normal Day
9/30/2024,COFFEE - AMERICANO,4,Class Suspension - World Teachers' Day
10/7/2024,COFFEE - AMERICANO,3,Normal Day
10/14/2024,COFFEE - AMERICANO,11,Normal Day
10/21/2024,COFFEE - AMERICANO,3,"Class Suspension - Heavy Rainfall, Class Suspension - Typhoon Kristine"
10/28/2024,COFFEE - AMERICANO,12,"Class Suspension (starting 12:01 pm) - All Saints Day, Holiday - All Saints' Day, Holiday - All Souls' Day"
11/4/2024,COFFEE - AMERICANO,6,Class Suspension - Yolanda Day
11/11/2024,COFFEE - AMERICANO,4,Class Suspension (starting 12:01 pm) - Typhoon Pepito
11/18/2024,COFFEE - AMERICANO,4,Normal Day
11/25/2024,COFFEE - AMERICANO,3,Holiday - Bonifacio Day
12/2/2024,COFFEE - AMERICANO,15,Holiday - Feast of the Immaculate Conception of Mary
12/9/2024,COFFEE - AMERICANO,5,Normal Day
12/16/2024,COFFEE - AMERICANO,5,"Class Suspension - Low Pressure Area, Class Suspension - Typhoon Querubin"
12/23/2024,COFFEE - AMERICANO,7,Holiday - Christmas Eve
12/30/2024,COFFEE - AMERICANO,4,"Holiday - Last Day of the Year, Holiday - Rizal Day"
1/6/2025,COFFEE - AMERICANO,8,Normal Day
1/13/2025,COFFEE - AMERICANO,6,Normal Day
1/20/2025,COFFEE - AMERICANO,14,Normal Day
1/27/2025,COFFEE - AMERICANO,10,Holiday - Chinese New Year
2/3/2025,COFFEE - AMERICANO,8,Normal Day
2/10/2025,COFFEE - AMERICANO,3,Class Suspension - Heavy Rainfall
2/17/2025,COFFEE - AMERICANO,3,Class Suspension - Heavy Rainfall
2/24/2025,COFFEE - AMERICANO,10,Normal Day
3/3/2025,COFFEE - AMERICANO,8,Normal Day
3/10/2025,COFFEE - AMERICANO,16,Normal Day
3/17/2025,COFFEE - AMERICANO,7,Class Suspension - Heavy Rainfall
3/24/2025,COFFEE - AMERICANO,8,Forecast
3/31/2025,COFFEE - AMERICANO,8,Forecast
4/7/2025,COFFEE - AMERICANO,8,Forecast
4/14/2025,COFFEE - AMERICANO,8,Forecast
4/21/2025,COFFEE - AMERICANO,8,Forecast
4/28/2025,COFFEE - AMERICANO,8,Forecast
5/5/2025,COFFEE - AMERICANO,8,Forecast
5/12/2025,COFFEE - AMERICANO,8,Forecast
5/19/2025,COFFEE - AMERICANO,8,Forecast
5/26/2025,COFFEE - AMERICANO,8,Forecast
6/2/2025,COFFEE - AMERICANO,8,Forecast
6/9/2025,COFFEE - AMERICANO,8,Forecast
4/3/2023,COFFEE - CAFE LATTE,1,Holiday - Black Saturday
4/10/2023,COFFEE - CAFE LATTE,2,Normal Day
4/17/2023,COFFEE - CAFE LATTE,2,Normal Day
4/24/2023,COFFEE - CAFE LATTE,17,Normal Day
5/1/2023,COFFEE - CAFE LATTE,20,Normal Day
5/8/2023,COFFEE - CAFE LATTE,16,Class Suspension - High Temperature
5/15/2023,COFFEE - CAFE LATTE,15,Normal Day
5/22/2023,COFFEE - CAFE LATTE,11,Normal Day
5/29/2023,COFFEE - CAFE LATTE,9,Normal Day
6/5/2023,COFFEE - CAFE LATTE,5,Normal Day
6/12/2023,COFFEE - CAFE LATTE,11,Normal Day
6/19/2023,COFFEE - CAFE LATTE,7,Normal Day
6/26/2023,COFFEE - CAFE LATTE,7,"Class Suspension - Sangyaw Festival, Class Suspension - Tacloban Day"
7/3/2023,COFFEE - CAFE LATTE,9,Normal Day
7/10/2023,COFFEE - CAFE LATTE,5,Normal Day
7/17/2023,COFFEE - CAFE LATTE,7,Normal Day
7/24/2023,COFFEE - CAFE LATTE,10,Normal Day
7/31/2023,COFFEE - CAFE LATTE,0,Normal Day
8/7/2023,COFFEE - CAFE LATTE,0,Normal Day
8/14/2023,COFFEE - CAFE LATTE,6,Normal Day
8/21/2023,COFFEE - CAFE LATTE,1,Holiday - Ninoy Aquino Day
8/28/2023,COFFEE - CAFE LATTE,8,Normal Day
9/4/2023,COFFEE - CAFE LATTE,8,Normal Day
9/11/2023,COFFEE - CAFE LATTE,0,Normal Day
9/18/2023,COFFEE - CAFE LATTE,1,Normal Day
9/25/2023,COFFEE - CAFE LATTE,6,Normal Day
10/2/2023,COFFEE - CAFE LATTE,7,Class Suspension - World Teachers' Day
10/9/2023,COFFEE - CAFE LATTE,5,Normal Day
10/16/2023,COFFEE - CAFE LATTE,2,Normal Day
10/23/2023,COFFEE - CAFE LATTE,7,Normal Day
10/30/2023,COFFEE - CAFE LATTE,3,"Class Suspension (starting 12:01 pm) - All Saints Day, Holiday - All Saints' Day, Holiday - All Souls' Day, Holiday - Baranggay and Sangguniang Kabataan Elections"
11/6/2023,COFFEE - CAFE LATTE,10,Class Suspension - Yolanda Day
11/13/2023,COFFEE - CAFE LATTE,4,Normal Day
11/20/2023,COFFEE - CAFE LATTE,4,Class Suspension - Heavy Rainfall
11/27/2023,COFFEE - CAFE LATTE,1,Normal Day
12/4/2023,COFFEE - CAFE LATTE,9,Holiday - Feast of the Immaculate Conception of Mary
12/11/2023,COFFEE - CAFE LATTE,8,Normal Day
12/18/2023,COFFEE - CAFE LATTE,2,"Class Suspension, Class Suspension - 15th HUC Day"
12/25/2023,COFFEE - CAFE LATTE,9,Holiday - Additional Special Non-Working Day
1/1/2024,COFFEE - CAFE LATTE,5,Normal Day
1/8/2024,COFFEE - CAFE LATTE,3,Normal Day
1/15/2024,COFFEE - CAFE LATTE,5,Normal Day
1/22/2024,COFFEE - CAFE LATTE,6,Normal Day
1/29/2024,COFFEE - CAFE LATTE,8,Normal Day
2/5/2024,COFFEE - CAFE LATTE,6,"Holiday - Additional Special Non-Working Day, Holiday - Chinese New Year"
2/12/2024,COFFEE - CAFE LATTE,8,Normal Day
2/19/2024,COFFEE - CAFE LATTE,7,Normal Day
2/26/2024,COFFEE - CAFE LATTE,14,Normal Day
3/4/2024,COFFEE - CAFE LATTE,5,Normal Day
3/11/2024,COFFEE - CAFE LATTE,4,Normal Day
3/18/2024,COFFEE - CAFE LATTE,11,Normal Day
3/25/2024,COFFEE - CAFE LATTE,10,"Class Suspension (12:00 pm onwards), Holiday - Black Saturday, Holiday - Good Friday, Holiday - Maundy Thursday"
4/1/2024,COFFEE - CAFE LATTE,3,Normal Day
4/8/2024,COFFEE - CAFE LATTE,6,Holiday - Eid'l Fitr
4/15/2024,COFFEE - CAFE LATTE,7,Normal Day
4/22/2024,COFFEE - CAFE LATTE,5,Normal Day
4/29/2024,COFFEE - CAFE LATTE,12,"Class Suspension (F2F) - Transport Strike, Class Suspension - High Temperature, Holiday - Labor Day"
5/6/2024,COFFEE - CAFE LATTE,7,Normal Day
5/13/2024,COFFEE - CAFE LATTE,10,Normal Day
5/20/2024,COFFEE - CAFE LATTE,5,Normal Day
5/27/2024,COFFEE - CAFE LATTE,1,Normal Day
6/3/2024,COFFEE - CAFE LATTE,5,Normal Day
6/10/2024,COFFEE - CAFE LATTE,9,Holiday - Independence Day
6/17/2024,COFFEE - CAFE LATTE,7,Normal Day
6/24/2024,COFFEE - CAFE LATTE,7,Normal Day
7/1/2024,COFFEE - CAFE LATTE,2,Class Suspension - Sangyaw Festival
7/8/2024,COFFEE - CAFE LATTE,4,Normal Day
7/15/2024,COFFEE - CAFE LATTE,8,Normal Day
7/22/2024,COFFEE - CAFE LATTE,13,Normal Day
7/29/2024,COFFEE - CAFE LATTE,9,Class Suspension - Bagong Pilipinas Serbisyo Fair
8/5/2024,COFFEE - CAFE LATTE,9,Normal Day
8/12/2024,COFFEE - CAFE LATTE,13,Normal Day
8/19/2024,COFFEE - CAFE LATTE,6,Holiday - Ninoy Aquino Day
8/26/2024,COFFEE - CAFE LATTE,5,Holiday - National Heroes Day
9/2/2024,COFFEE - CAFE LATTE,12,Normal Day
9/9/2024,COFFEE - CAFE LATTE,5,Normal Day
9/16/2024,COFFEE - CAFE LATTE,5,Normal Day
9/23/2024,COFFEE - CAFE LATTE,5,Normal Day
9/30/2024,COFFEE - CAFE LATTE,8,Class Suspension - World Teachers' Day
10/7/2024,COFFEE - CAFE LATTE,7,Normal Day
10/14/2024,COFFEE - CAFE LATTE,9,Normal Day
10/21/2024,COFFEE - CAFE LATTE,8,"Class Suspension - Heavy Rainfall, Class Suspension - Typhoon Kristine"
10/28/2024,COFFEE - CAFE LATTE,10,"Class Suspension (starting 12:01 pm) - All Saints Day, Holiday - All Saints' Day, Holiday - All Souls' Day"
11/4/2024,COFFEE - CAFE LATTE,12,Class Suspension - Yolanda Day
11/11/2024,COFFEE - CAFE LATTE,14,Class Suspension (starting 12:01 pm) - Typhoon Pepito
11/18/2024,COFFEE - CAFE LATTE,8,Normal Day
11/25/2024,COFFEE - CAFE LATTE,6,Holiday - Bonifacio Day
12/2/2024,COFFEE - CAFE LATTE,5,Holiday - Feast of the Immaculate Conception of Mary
12/9/2024,COFFEE - CAFE LATTE,10,Normal Day
12/16/2024,COFFEE - CAFE LATTE,6,"Class Suspension - Low Pressure Area, Class Suspension - Typhoon Querubin"
12/23/2024,COFFEE - CAFE LATTE,10,Holiday - Christmas Eve
12/30/2024,COFFEE - CAFE LATTE,8,"Holiday - Last Day of the Year, Holiday - Rizal Day"
1/6/2025,COFFEE - CAFE LATTE,14,Normal Day
1/13/2025,COFFEE - CAFE LATTE,10,Normal Day
1/20/2025,COFFEE - CAFE LATTE,18,Normal Day
1/27/2025,COFFEE - CAFE LATTE,13,Holiday - Chinese New Year
2/3/2025,COFFEE - CAFE LATTE,7,Normal Day
2/10/2025,COFFEE - CAFE LATTE,10,Class Suspension - Heavy Rainfall
2/17/2025,COFFEE - CAFE LATTE,13,Class Suspension - Heavy Rainfall
2/24/2025,COFFEE - CAFE LATTE,9,Normal Day
3/3/2025,COFFEE - CAFE LATTE,9,Normal Day
3/10/2025,COFFEE - CAFE LATTE,12,Normal Day
3/17/2025,COFFEE - CAFE LATTE,6,Class Suspension - Heavy Rainfall
3/24/2025,COFFEE - CAFE LATTE,9,Forecast
3/31/2025,COFFEE - CAFE LATTE,9,Forecast
4/7/2025,COFFEE - CAFE LATTE,9,Forecast
4/14/2025,COFFEE - CAFE LATTE,9,Forecast
4/21/2025,COFFEE - CAFE LATTE,9,Forecast
4/28/2025,COFFEE - CAFE LATTE,9,Forecast
5/5/2025,COFFEE - CAFE LATTE,9,Forecast
5/12/2025,COFFEE - CAFE LATTE,9,Forecast
5/19/2025,COFFEE - CAFE LATTE,9,Forecast
5/26/2025,COFFEE - CAFE LATTE,9,Forecast
6/2/2025,COFFEE - CAFE LATTE,9,Forecast
6/9/2025,COFFEE - CAFE LATTE,9,Forecast
4/3/2023,ICE CREAM - BLUEBERRY CHEEZECAKE,0,Holiday - Black Saturday
4/10/2023,ICE CREAM - BLUEBERRY CHEEZECAKE,0,Normal Day
4/17/2023,ICE CREAM - BLUEBERRY CHEEZECAKE,0,Normal Day
4/24/2023,ICE CREAM - BLUEBERRY CHEEZECAKE,0,Normal Day
5/1/2023,ICE CREAM - BLUEBERRY CHEEZECAKE,0,Normal Day
5/8/2023,ICE CREAM - BLUEBERRY CHEEZECAKE,0,Class Suspension - High Temperature
5/15/2023,ICE CREAM - BLUEBERRY CHEEZECAKE,3,Normal Day
5/22/2023,ICE CREAM - BLUEBERRY CHEEZECAKE,5,Normal Day
5/29/2023,ICE CREAM - BLUEBERRY CHEEZECAKE,15,Normal Day
6/5/2023,ICE CREAM - BLUEBERRY CHEEZECAKE,8,Normal Day
6/12/2023,ICE CREAM - BLUEBERRY CHEEZECAKE,5,Normal Day
6/19/2023,ICE CREAM - BLUEBERRY CHEEZECAKE,3,Normal Day
6/26/2023,ICE CREAM - BLUEBERRY CHEEZECAKE,4,"Class Suspension - Sangyaw Festival, Class Suspension - Tacloban Day"
7/3/2023,ICE CREAM - BLUEBERRY CHEEZECAKE,0,Normal Day
7/10/2023,ICE CREAM - BLUEBERRY CHEEZECAKE,0,Normal Day
7/17/2023,ICE CREAM - BLUEBERRY CHEEZECAKE,3,Normal Day
7/24/2023,ICE CREAM - BLUEBERRY CHEEZECAKE,32,Normal Day
7/31/2023,ICE CREAM - BLUEBERRY CHEEZECAKE,4,Normal Day
8/7/2023,ICE CREAM - BLUEBERRY CHEEZECAKE,2,Normal Day
8/14/2023,ICE CREAM - BLUEBERRY CHEEZECAKE,8,Normal Day
8/21/2023,ICE CREAM - BLUEBERRY CHEEZECAKE,6,Holiday - Ninoy Aquino Day
8/28/2023,ICE CREAM - BLUEBERRY CHEEZECAKE,8,Normal Day
9/4/2023,ICE CREAM - BLUEBERRY CHEEZECAKE,17,Normal Day
9/11/2023,ICE CREAM - BLUEBERRY CHEEZECAKE,14,Normal Day
9/18/2023,ICE CREAM - BLUEBERRY CHEEZECAKE,17,Normal Day
9/25/2023,ICE CREAM - BLUEBERRY CHEEZECAKE,5,Normal Day
10/2/2023,ICE CREAM - BLUEBERRY CHEEZECAKE,0,Class Suspension - World Teachers' Day
10/9/2023,ICE CREAM - BLUEBERRY CHEEZECAKE,0,Normal Day
10/16/2023,ICE CREAM - BLUEBERRY CHEEZECAKE,4,Normal Day
10/23/2023,ICE CREAM - BLUEBERRY CHEEZECAKE,16,Normal Day
10/30/2023,ICE CREAM - BLUEBERRY CHEEZECAKE,16,"Class Suspension (starting 12:01 pm) - All Saints Day, Holiday - All Saints' Day, Holiday - All Souls' Day, Holiday - Baranggay and Sangguniang Kabataan Elections"
11/6/2023,ICE CREAM - BLUEBERRY CHEEZECAKE,5,Class Suspension - Yolanda Day
11/13/2023,ICE CREAM - BLUEBERRY CHEEZECAKE,8,Normal Day
11/20/2023,ICE CREAM - BLUEBERRY CHEEZECAKE,17,Class Suspension - Heavy Rainfall
11/27/2023,ICE CREAM - BLUEBERRY CHEEZECAKE,7,Normal Day
12/4/2023,ICE CREAM - BLUEBERRY CHEEZECAKE,0,Holiday - Feast of the Immaculate Conception of Mary
12/11/2023,ICE CREAM - BLUEBERRY CHEEZECAKE,0,Normal Day
12/18/2023,ICE CREAM - BLUEBERRY CHEEZECAKE,0,"Class Suspension, Class Suspension - 15th HUC Day"
12/25/2023,ICE CREAM - BLUEBERRY CHEEZECAKE,0,Holiday - Additional Special Non-Working Day
1/1/2024,ICE CREAM - BLUEBERRY CHEEZECAKE,0,Normal Day
1/8/2024,ICE CREAM - BLUEBERRY CHEEZECAKE,0,Normal Day
1/15/2024,ICE CREAM - BLUEBERRY CHEEZECAKE,0,Normal Day
1/22/2024,ICE CREAM - BLUEBERRY CHEEZECAKE,0,Normal Day
1/29/2024,ICE CREAM - BLUEBERRY CHEEZECAKE,0,Normal Day
2/5/2024,ICE CREAM - BLUEBERRY CHEEZECAKE,0,"Holiday - Additional Special Non-Working Day, Holiday - Chinese New Year"
2/12/2024,ICE CREAM - BLUEBERRY CHEEZECAKE,8,Normal Day
2/19/2024,ICE CREAM - BLUEBERRY CHEEZECAKE,16,Normal Day
2/26/2024,ICE CREAM - BLUEBERRY CHEEZECAKE,13,Normal Day
3/4/2024,ICE CREAM - BLUEBERRY CHEEZECAKE,7,Normal Day
3/11/2024,ICE CREAM - BLUEBERRY CHEEZECAKE,0,Normal Day
3/18/2024,ICE CREAM - BLUEBERRY CHEEZECAKE,0,Normal Day
3/25/2024,ICE CREAM - BLUEBERRY CHEEZECAKE,0,"Class Suspension (12:00 pm onwards), Holiday - Black Saturday, Holiday - Good Friday, Holiday - Maundy Thursday"
4/1/2024,ICE CREAM - BLUEBERRY CHEEZECAKE,0,Normal Day
4/8/2024,ICE CREAM - BLUEBERRY CHEEZECAKE,0,Holiday - Eid'l Fitr
4/15/2024,ICE CREAM - BLUEBERRY CHEEZECAKE,0,Normal Day
4/22/2024,ICE CREAM - BLUEBERRY CHEEZECAKE,0,Normal Day
4/29/2024,ICE CREAM - BLUEBERRY CHEEZECAKE,0,"Class Suspension (F2F) - Transport Strike, Class Suspension - High Temperature, Holiday - Labor Day"
5/6/2024,ICE CREAM - BLUEBERRY CHEEZECAKE,0,Normal Day
5/13/2024,ICE CREAM - BLUEBERRY CHEEZECAKE,0,Normal Day
5/20/2024,ICE CREAM - BLUEBERRY CHEEZECAKE,6,Normal Day
5/27/2024,ICE CREAM - BLUEBERRY CHEEZECAKE,16,Normal Day
6/3/2024,ICE CREAM - BLUEBERRY CHEEZECAKE,10,Normal Day
6/10/2024,ICE CREAM - BLUEBERRY CHEEZECAKE,13,Holiday - Independence Day
6/17/2024,ICE CREAM - BLUEBERRY CHEEZECAKE,8,Normal Day
6/24/2024,ICE CREAM - BLUEBERRY CHEEZECAKE,5,Normal Day
7/1/2024,ICE CREAM - BLUEBERRY CHEEZECAKE,0,Class Suspension - Sangyaw Festival
7/8/2024,ICE CREAM - BLUEBERRY CHEEZECAKE,0,Normal Day
7/15/2024,ICE CREAM - BLUEBERRY CHEEZECAKE,4,Normal Day
7/22/2024,ICE CREAM - BLUEBERRY CHEEZECAKE,15,Normal Day
7/29/2024,ICE CREAM - BLUEBERRY CHEEZECAKE,6,Class Suspension - Bagong Pilipinas Serbisyo Fair
8/5/2024,ICE CREAM - BLUEBERRY CHEEZECAKE,0,Normal Day
8/12/2024,ICE CREAM - BLUEBERRY CHEEZECAKE,0,Normal Day
8/19/2024,ICE CREAM - BLUEBERRY CHEEZECAKE,0,Holiday - Ninoy Aquino Day
8/26/2024,ICE CREAM - BLUEBERRY CHEEZECAKE,0,Holiday - National Heroes Day
9/2/2024,ICE CREAM - BLUEBERRY CHEEZECAKE,0,Normal Day
9/9/2024,ICE CREAM - BLUEBERRY CHEEZECAKE,0,Normal Day
9/16/2024,ICE CREAM - BLUEBERRY CHEEZECAKE,0,Normal Day
9/23/2024,ICE CREAM - BLUEBERRY CHEEZECAKE,10,Normal Day
9/30/2024,ICE CREAM - BLUEBERRY CHEEZECAKE,4,Class Suspension - World Teachers' Day
10/7/2024,ICE CREAM - BLUEBERRY CHEEZECAKE,7,Normal Day
10/14/2024,ICE CREAM - BLUEBERRY CHEEZECAKE,8,Normal Day
10/21/2024,ICE CREAM - BLUEBERRY CHEEZECAKE,0,"Class Suspension - Heavy Rainfall, Class Suspension - Typhoon Kristine"
10/28/2024,ICE CREAM - BLUEBERRY CHEEZECAKE,0,"Class Suspension (starting 12:01 pm) - All Saints Day, Holiday - All Saints' Day, Holiday - All Souls' Day"
11/4/2024,ICE CREAM - BLUEBERRY CHEEZECAKE,0,Class Suspension - Yolanda Day
11/11/2024,ICE CREAM - BLUEBERRY CHEEZECAKE,0,Class Suspension (starting 12:01 pm) - Typhoon Pepito
11/18/2024,ICE CREAM - BLUEBERRY CHEEZECAKE,0,Normal Day
11/25/2024,ICE CREAM - BLUEBERRY CHEEZECAKE,0,Holiday - Bonifacio Day
12/2/2024,ICE CREAM - BLUEBERRY CHEEZECAKE,0,Holiday - Feast of the Immaculate Conception of Mary
12/9/2024,ICE CREAM - BLUEBERRY CHEEZECAKE,0,Normal Day
12/16/2024,ICE CREAM - BLUEBERRY CHEEZECAKE,0,"Class Suspension - Low Pressure Area, Class Suspension - Typhoon Querubin"
12/23/2024,ICE CREAM - BLUEBERRY CHEEZECAKE,0,Holiday - Christmas Eve
12/30/2024,ICE CREAM - BLUEBERRY CHEEZECAKE,0,"Holiday - Last Day of the Year, Holiday - Rizal Day"
1/6/2025,ICE CREAM - BLUEBERRY CHEEZECAKE,0,Normal Day
1/13/2025,ICE CREAM - BLUEBERRY CHEEZECAKE,0,Normal Day
1/20/2025,ICE CREAM - BLUEBERRY CHEEZECAKE,0,Normal Day
1/27/2025,ICE CREAM - BLUEBERRY CHEEZECAKE,0,Holiday - Chinese New Year
2/3/2025,ICE CREAM - BLUEBERRY CHEEZECAKE,0,Normal Day
2/10/2025,ICE CREAM - BLUEBERRY CHEEZECAKE,0,Class Suspension - Heavy Rainfall
2/17/2025,ICE CREAM - BLUEBERRY CHEEZECAKE,0,Class Suspension - Heavy Rainfall
2/24/2025,ICE CREAM - BLUEBERRY CHEEZECAKE,0,Normal Day
3/3/2025,ICE CREAM - BLUEBERRY CHEEZECAKE,0,Normal Day
3/10/2025,ICE CREAM - BLUEBERRY CHEEZECAKE,0,Normal Day
3/17/2025,ICE CREAM - BLUEBERRY CHEEZECAKE,0,Class Suspension - Heavy Rainfall
3/24/2025,ICE CREAM - BLUEBERRY CHEEZECAKE,10,Forecast
3/31/2025,ICE CREAM - BLUEBERRY CHEEZECAKE,10,Forecast
4/7/2025,ICE CREAM - BLUEBERRY CHEEZECAKE,10,Forecast
4/14/2025,ICE CREAM - BLUEBERRY CHEEZECAKE,10,Forecast
4/21/2025,ICE CREAM - BLUEBERRY CHEEZECAKE,10,Forecast
4/28/2025,ICE CREAM - BLUEBERRY CHEEZECAKE,10,Forecast
5/5/2025,ICE CREAM - BLUEBERRY CHEEZECAKE,10,Forecast
5/12/2025,ICE CREAM - BLUEBERRY CHEEZECAKE,10,Forecast
5/19/2025,ICE CREAM - BLUEBERRY CHEEZECAKE,10,Forecast
5/26/2025,ICE CREAM - BLUEBERRY CHEEZECAKE,10,Forecast
6/2/2025,ICE CREAM - BLUEBERRY CHEEZECAKE,10,Forecast
6/9/2025,ICE CREAM - BLUEBERRY CHEEZECAKE,10,Forecast
4/3/2023,ICE CREAM - MILKY MATCHA,0,Holiday - Black Saturday
4/10/2023,ICE CREAM - MILKY MATCHA,0,Normal Day
4/17/2023,ICE CREAM - MILKY MATCHA,0,Normal Day
4/24/2023,ICE CREAM - MILKY MATCHA,0,Normal Day
5/1/2023,ICE CREAM - MILKY MATCHA,0,Normal Day
5/8/2023,ICE CREAM - MILKY MATCHA,0,Class Suspension - High Temperature
5/15/2023,ICE CREAM - MILKY MATCHA,5,Normal Day
5/22/2023,ICE CREAM - MILKY MATCHA,9,Normal Day
5/29/2023,ICE CREAM - MILKY MATCHA,15,Normal Day
6/5/2023,ICE CREAM - MILKY MATCHA,9,Normal Day
6/12/2023,ICE CREAM - MILKY MATCHA,8,Normal Day
6/19/2023,ICE CREAM - MILKY MATCHA,1,Normal Day
6/26/2023,ICE CREAM - MILKY MATCHA,3,"Class Suspension - Sangyaw Festival, Class Suspension - Tacloban Day"
7/3/2023,ICE CREAM - MILKY MATCHA,12,Normal Day
7/10/2023,ICE CREAM - MILKY MATCHA,0,Normal Day
7/17/2023,ICE CREAM - MILKY MATCHA,4,Normal Day
7/24/2023,ICE CREAM - MILKY MATCHA,8,Normal Day
7/31/2023,ICE CREAM - MILKY MATCHA,12,Normal Day
8/7/2023,ICE CREAM - MILKY MATCHA,12,Normal Day
8/14/2023,ICE CREAM - MILKY MATCHA,5,Normal Day
8/21/2023,ICE CREAM - MILKY MATCHA,13,Holiday - Ninoy Aquino Day
8/28/2023,ICE CREAM - MILKY MATCHA,5,Normal Day
9/4/2023,ICE CREAM - MILKY MATCHA,12,Normal Day
9/11/2023,ICE CREAM - MILKY MATCHA,19,Normal Day
9/18/2023,ICE CREAM - MILKY MATCHA,13,Normal Day
9/25/2023,ICE CREAM - MILKY MATCHA,10,Normal Day
10/2/2023,ICE CREAM - MILKY MATCHA,0,Class Suspension - World Teachers' Day
10/9/2023,ICE CREAM - MILKY MATCHA,0,Normal Day
10/16/2023,ICE CREAM - MILKY MATCHA,7,Normal Day
10/23/2023,ICE CREAM - MILKY MATCHA,13,Normal Day
10/30/2023,ICE CREAM - MILKY MATCHA,14,"Class Suspension (starting 12:01 pm) - All Saints Day, Holiday - All Saints' Day, Holiday - All Souls' Day, Holiday - Baranggay and Sangguniang Kabataan Elections"
11/6/2023,ICE CREAM - MILKY MATCHA,7,Class Suspension - Yolanda Day
11/13/2023,ICE CREAM - MILKY MATCHA,4,Normal Day
11/20/2023,ICE CREAM - MILKY MATCHA,5,Class Suspension - Heavy Rainfall
11/27/2023,ICE CREAM - MILKY MATCHA,8,Normal Day
12/4/2023,ICE CREAM - MILKY MATCHA,8,Holiday - Feast of the Immaculate Conception of Mary
12/11/2023,ICE CREAM - MILKY MATCHA,0,Normal Day
12/18/2023,ICE CREAM - MILKY MATCHA,0,"Class Suspension, Class Suspension - 15th HUC Day"
12/25/2023,ICE CREAM - MILKY MATCHA,0,Holiday - Additional Special Non-Working Day
1/1/2024,ICE CREAM - MILKY MATCHA,0,Normal Day
1/8/2024,ICE CREAM - MILKY MATCHA,0,Normal Day
1/15/2024,ICE CREAM - MILKY MATCHA,0,Normal Day
1/22/2024,ICE CREAM - MILKY MATCHA,0,Normal Day
1/29/2024,ICE CREAM - MILKY MATCHA,0,Normal Day
2/5/2024,ICE CREAM - MILKY MATCHA,0,"Holiday - Additional Special Non-Working Day, Holiday - Chinese New Year"
2/12/2024,ICE CREAM - MILKY MATCHA,4,Normal Day
2/19/2024,ICE CREAM - MILKY MATCHA,8,Normal Day
2/26/2024,ICE CREAM - MILKY MATCHA,11,Normal Day
3/4/2024,ICE CREAM - MILKY MATCHA,8,Normal Day
3/11/2024,ICE CREAM - MILKY MATCHA,1,Normal Day
3/18/2024,ICE CREAM - MILKY MATCHA,0,Normal Day
3/25/2024,ICE CREAM - MILKY MATCHA,0,"Class Suspension (12:00 pm onwards), Holiday - Black Saturday, Holiday - Good Friday, Holiday - Maundy Thursday"
4/1/2024,ICE CREAM - MILKY MATCHA,0,Normal Day
4/8/2024,ICE CREAM - MILKY MATCHA,0,Holiday - Eid'l Fitr
4/15/2024,ICE CREAM - MILKY MATCHA,0,Normal Day
4/22/2024,ICE CREAM - MILKY MATCHA,0,Normal Day
4/29/2024,ICE CREAM - MILKY MATCHA,0,"Class Suspension (F2F) - Transport Strike, Class Suspension - High Temperature, Holiday - Labor Day"
5/6/2024,ICE CREAM - MILKY MATCHA,0,Normal Day
5/13/2024,ICE CREAM - MILKY MATCHA,0,Normal Day
5/20/2024,ICE CREAM - MILKY MATCHA,4,Normal Day
5/27/2024,ICE CREAM - MILKY MATCHA,8,Normal Day
6/3/2024,ICE CREAM - MILKY MATCHA,1,Normal Day
6/10/2024,ICE CREAM - MILKY MATCHA,2,Holiday - Independence Day
6/17/2024,ICE CREAM - MILKY MATCHA,6,Normal Day
6/24/2024,ICE CREAM - MILKY MATCHA,4,Normal Day
7/1/2024,ICE CREAM - MILKY MATCHA,9,Class Suspension - Sangyaw Festival
7/8/2024,ICE CREAM - MILKY MATCHA,7,Normal Day
7/15/2024,ICE CREAM - MILKY MATCHA,0,Normal Day
7/22/2024,ICE CREAM - MILKY MATCHA,0,Normal Day
7/29/2024,ICE CREAM - MILKY MATCHA,0,Class Suspension - Bagong Pilipinas Serbisyo Fair
8/5/2024,ICE CREAM - MILKY MATCHA,0,Normal Day
8/12/2024,ICE CREAM - MILKY MATCHA,0,Normal Day
8/19/2024,ICE CREAM - MILKY MATCHA,0,Holiday - Ninoy Aquino Day
8/26/2024,ICE CREAM - MILKY MATCHA,0,Holiday - National Heroes Day
9/2/2024,ICE CREAM - MILKY MATCHA,0,Normal Day
9/9/2024,ICE CREAM - MILKY MATCHA,0,Normal Day
9/16/2024,ICE CREAM - MILKY MATCHA,2,Normal Day
9/23/2024,ICE CREAM - MILKY MATCHA,2,Normal Day
9/30/2024,ICE CREAM - MILKY MATCHA,3,Class Suspension - World Teachers' Day
10/7/2024,ICE CREAM - MILKY MATCHA,5,Normal Day
10/14/2024,ICE CREAM - MILKY MATCHA,2,Normal Day
10/21/2024,ICE CREAM - MILKY MATCHA,4,"Class Suspension - Heavy Rainfall, Class Suspension - Typhoon Kristine"
10/28/2024,ICE CREAM - MILKY MATCHA,3,"Class Suspension (starting 12:01 pm) - All Saints Day, Holiday - All Saints' Day, Holiday - All Souls' Day"
11/4/2024,ICE CREAM - MILKY MATCHA,2,Class Suspension - Yolanda Day
11/11/2024,ICE CREAM - MILKY MATCHA,1,Class Suspension (starting 12:01 pm) - Typhoon Pepito
11/18/2024,ICE CREAM - MILKY MATCHA,5,Normal Day
11/25/2024,ICE CREAM - MILKY MATCHA,1,Holiday - Bonifacio Day
12/2/2024,ICE CREAM - MILKY MATCHA,0,Holiday - Feast of the Immaculate Conception of Mary
12/9/2024,ICE CREAM - MILKY MATCHA,0,Normal Day
12/16/2024,ICE CREAM - MILKY MATCHA,0,"Class Suspension - Low Pressure Area, Class Suspension - Typhoon Querubin"
12/23/2024,ICE CREAM - MILKY MATCHA,0,Holiday - Christmas Eve
12/30/2024,ICE CREAM - MILKY MATCHA,0,"Holiday - Last Day of the Year, Holiday - Rizal Day"
1/6/2025,ICE CREAM - MILKY MATCHA,0,Normal Day
1/13/2025,ICE CREAM - MILKY MATCHA,0,Normal Day
1/20/2025,ICE CREAM - MILKY MATCHA,0,Normal Day
1/27/2025,ICE CREAM - MILKY MATCHA,0,Holiday - Chinese New Year
2/3/2025,ICE CREAM - MILKY MATCHA,0,Normal Day
2/10/2025,ICE CREAM - MILKY MATCHA,0,Class Suspension - Heavy Rainfall
2/17/2025,ICE CREAM - MILKY MATCHA,0,Class Suspension - Heavy Rainfall
2/24/2025,ICE CREAM - MILKY MATCHA,0,Normal Day
3/3/2025,ICE CREAM - MILKY MATCHA,0,Normal Day
3/10/2025,ICE CREAM - MILKY MATCHA,0,Normal Day
3/17/2025,ICE CREAM - MILKY MATCHA,0,Class Suspension - Heavy Rainfall
3/24/2025,ICE CREAM - MILKY MATCHA,2,Forecast
3/31/2025,ICE CREAM - MILKY MATCHA,2,Forecast
4/7/2025,ICE CREAM - MILKY MATCHA,2,Forecast
4/14/2025,ICE CREAM - MILKY MATCHA,2,Forecast
4/21/2025,ICE CREAM - MILKY MATCHA,2,Forecast
4/28/2025,ICE CREAM - MILKY MATCHA,2,Forecast
5/5/2025,ICE CREAM - MILKY MATCHA,2,Forecast
5/12/2025,ICE CREAM - MILKY MATCHA,2,Forecast
5/19/2025,ICE CREAM - MILKY MATCHA,1,Forecast
5/26/2025,ICE CREAM - MILKY MATCHA,1,Forecast
6/2/2025,ICE CREAM - MILKY MATCHA,1,Forecast
6/9/2025,ICE CREAM - MILKY MATCHA,1,Forecast
4/3/2023,ICE CREAM - UBE BLISS,0,Holiday - Black Saturday
4/10/2023,ICE CREAM - UBE BLISS,0,Normal Day
4/17/2023,ICE CREAM - UBE BLISS,0,Normal Day
4/24/2023,ICE CREAM - UBE BLISS,0,Normal Day
5/1/2023,ICE CREAM - UBE BLISS,0,Normal Day
5/8/2023,ICE CREAM - UBE BLISS,0,Class Suspension - High Temperature
5/15/2023,ICE CREAM - UBE BLISS,0,Normal Day
5/22/2023,ICE CREAM - UBE BLISS,0,Normal Day
5/29/2023,ICE CREAM - UBE BLISS,0,Normal Day
6/5/2023,ICE CREAM - UBE BLISS,0,Normal Day
6/12/2023,ICE CREAM - UBE BLISS,0,Normal Day
6/19/2023,ICE CREAM - UBE BLISS,0,Normal Day
6/26/2023,ICE CREAM - UBE BLISS,3,"Class Suspension - Sangyaw Festival, Class Suspension - Tacloban Day"
7/3/2023,ICE CREAM - UBE BLISS,8,Normal Day
7/10/2023,ICE CREAM - UBE BLISS,13,Normal Day
7/17/2023,ICE CREAM - UBE BLISS,2,Normal Day
7/24/2023,ICE CREAM - UBE BLISS,16,Normal Day
7/31/2023,ICE CREAM - UBE BLISS,19,Normal Day
8/7/2023,ICE CREAM - UBE BLISS,6,Normal Day
8/14/2023,ICE CREAM - UBE BLISS,6,Normal Day
8/21/2023,ICE CREAM - UBE BLISS,6,Holiday - Ninoy Aquino Day
8/28/2023,ICE CREAM - UBE BLISS,4,Normal Day
9/4/2023,ICE CREAM - UBE BLISS,11,Normal Day
9/11/2023,ICE CREAM - UBE BLISS,11,Normal Day
9/18/2023,ICE CREAM - UBE BLISS,27,Normal Day
9/25/2023,ICE CREAM - UBE BLISS,7,Normal Day
10/2/2023,ICE CREAM - UBE BLISS,0,Class Suspension - World Teachers' Day
10/9/2023,ICE CREAM - UBE BLISS,0,Normal Day
10/16/2023,ICE CREAM - UBE BLISS,4,Normal Day
10/23/2023,ICE CREAM - UBE BLISS,8,Normal Day
10/30/2023,ICE CREAM - UBE BLISS,8,"Class Suspension (starting 12:01 pm) - All Saints Day, Holiday - All Saints' Day, Holiday - All Souls' Day, Holiday - Baranggay and Sangguniang Kabataan Elections"
11/6/2023,ICE CREAM - UBE BLISS,5,Class Suspension - Yolanda Day
11/13/2023,ICE CREAM - UBE BLISS,6,Normal Day
11/20/2023,ICE CREAM - UBE BLISS,5,Class Suspension - Heavy Rainfall
11/27/2023,ICE CREAM - UBE BLISS,7,Normal Day
12/4/2023,ICE CREAM - UBE BLISS,11,Holiday - Feast of the Immaculate Conception of Mary
12/11/2023,ICE CREAM - UBE BLISS,7,Normal Day
12/18/2023,ICE CREAM - UBE BLISS,9,"Class Suspension, Class Suspension - 15th HUC Day"
12/25/2023,ICE CREAM - UBE BLISS,0,Holiday - Additional Special Non-Working Day
1/1/2024,ICE CREAM - UBE BLISS,0,Normal Day
1/8/2024,ICE CREAM - UBE BLISS,0,Normal Day
1/15/2024,ICE CREAM - UBE BLISS,0,Normal Day
1/22/2024,ICE CREAM - UBE BLISS,0,Normal Day
1/29/2024,ICE CREAM - UBE BLISS,0,Normal Day
2/5/2024,ICE CREAM - UBE BLISS,0,"Holiday - Additional Special Non-Working Day, Holiday - Chinese New Year"
2/12/2024,ICE CREAM - UBE BLISS,7,Normal Day
2/19/2024,ICE CREAM - UBE BLISS,6,Normal Day
2/26/2024,ICE CREAM - UBE BLISS,4,Normal Day
3/4/2024,ICE CREAM - UBE BLISS,13,Normal Day
3/11/2024,ICE CREAM - UBE BLISS,0,Normal Day
3/18/2024,ICE CREAM - UBE BLISS,0,Normal Day
3/25/2024,ICE CREAM - UBE BLISS,0,"Class Suspension (12:00 pm onwards), Holiday - Black Saturday, Holiday - Good Friday, Holiday - Maundy Thursday"
4/1/2024,ICE CREAM - UBE BLISS,0,Normal Day
4/8/2024,ICE CREAM - UBE BLISS,0,Holiday - Eid'l Fitr
4/15/2024,ICE CREAM - UBE BLISS,0,Normal Day
4/22/2024,ICE CREAM - UBE BLISS,0,Normal Day
4/29/2024,ICE CREAM - UBE BLISS,0,"Class Suspension (F2F) - Transport Strike, Class Suspension - High Temperature, Holiday - Labor Day"
5/6/2024,ICE CREAM - UBE BLISS,0,Normal Day
5/13/2024,ICE CREAM - UBE BLISS,0,Normal Day
5/20/2024,ICE CREAM - UBE BLISS,2,Normal Day
5/27/2024,ICE CREAM - UBE BLISS,12,Normal Day
6/3/2024,ICE CREAM - UBE BLISS,9,Normal Day
6/10/2024,ICE CREAM - UBE BLISS,9,Holiday - Independence Day
6/17/2024,ICE CREAM - UBE BLISS,3,Normal Day
6/24/2024,ICE CREAM - UBE BLISS,3,Normal Day
7/1/2024,ICE CREAM - UBE BLISS,13,Class Suspension - Sangyaw Festival
7/8/2024,ICE CREAM - UBE BLISS,0,Normal Day
7/15/2024,ICE CREAM - UBE BLISS,5,Normal Day
7/22/2024,ICE CREAM - UBE BLISS,6,Normal Day
7/29/2024,ICE CREAM - UBE BLISS,5,Class Suspension - Bagong Pilipinas Serbisyo Fair
8/5/2024,ICE CREAM - UBE BLISS,12,Normal Day
8/12/2024,ICE CREAM - UBE BLISS,1,Normal Day
8/19/2024,ICE CREAM - UBE BLISS,9,Holiday - Ninoy Aquino Day
8/26/2024,ICE CREAM - UBE BLISS,9,Holiday - National Heroes Day
9/2/2024,ICE CREAM - UBE BLISS,3,Normal Day
9/9/2024,ICE CREAM - UBE BLISS,1,Normal Day
9/16/2024,ICE CREAM - UBE BLISS,1,Normal Day
9/23/2024,ICE CREAM - UBE BLISS,4,Normal Day
9/30/2024,ICE CREAM - UBE BLISS,2,Class Suspension - World Teachers' Day
10/7/2024,ICE CREAM - UBE BLISS,3,Normal Day
10/14/2024,ICE CREAM - UBE BLISS,3,Normal Day
10/21/2024,ICE CREAM - UBE BLISS,6,"Class Suspension - Heavy Rainfall, Class Suspension - Typhoon Kristine"
10/28/2024,ICE CREAM - UBE BLISS,4,"Class Suspension (starting 12:01 pm) - All Saints Day, Holiday - All Saints' Day, Holiday - All Souls' Day"
11/4/2024,ICE CREAM - UBE BLISS,4,Class Suspension - Yolanda Day
11/11/2024,ICE CREAM - UBE BLISS,5,Class Suspension (starting 12:01 pm) - Typhoon Pepito
11/18/2024,ICE CREAM - UBE BLISS,0,Normal Day
11/25/2024,ICE CREAM - UBE BLISS,0,Holiday - Bonifacio Day
12/2/2024,ICE CREAM - UBE BLISS,0,Holiday - Feast of the Immaculate Conception of Mary
12/9/2024,ICE CREAM - UBE BLISS,0,Normal Day
12/16/2024,ICE CREAM - UBE BLISS,0,"Class Suspension - Low Pressure Area, Class Suspension - Typhoon Querubin"
12/23/2024,ICE CREAM - UBE BLISS,0,Holiday - Christmas Eve
12/30/2024,ICE CREAM - UBE BLISS,0,"Holiday - Last Day of the Year, Holiday - Rizal Day"
1/6/2025,ICE CREAM - UBE BLISS,0,Normal Day
1/13/2025,ICE CREAM - UBE BLISS,0,Normal Day
1/20/2025,ICE CREAM - UBE BLISS,0,Normal Day
1/27/2025,ICE CREAM - UBE BLISS,0,Holiday - Chinese New Year
2/3/2025,ICE CREAM - UBE BLISS,0,Normal Day
2/10/2025,ICE CREAM - UBE BLISS,0,Class Suspension - Heavy Rainfall
2/17/2025,ICE CREAM - UBE BLISS,0,Class Suspension - Heavy Rainfall
2/24/2025,ICE CREAM - UBE BLISS,0,Normal Day
3/3/2025,ICE CREAM - UBE BLISS,0,Normal Day
3/10/2025,ICE CREAM - UBE BLISS,0,Normal Day
3/17/2025,ICE CREAM - UBE BLISS,0,Class Suspension - Heavy Rainfall
3/24/2025,ICE CREAM - UBE BLISS,2,Forecast
3/31/2025,ICE CREAM - UBE BLISS,2,Forecast
4/7/2025,ICE CREAM - UBE BLISS,2,Forecast
4/14/2025,ICE CREAM - UBE BLISS,2,Forecast
4/21/2025,ICE CREAM - UBE BLISS,2,Forecast
4/28/2025,ICE CREAM - UBE BLISS,2,Forecast
5/5/2025,ICE CREAM - UBE BLISS,2,Forecast
5/12/2025,ICE CREAM - UBE BLISS,2,Forecast
5/19/2025,ICE CREAM - UBE BLISS,1,Forecast
5/26/2025,ICE CREAM - UBE BLISS,1,Forecast
6/2/2025,ICE CREAM - UBE BLISS,1,Forecast
6/9/2025,ICE CREAM - UBE BLISS,1,Forecast
4/3/2023,NON-COFFEE - MATCHA LATTE,4,Holiday - Black Saturday
4/10/2023,NON-COFFEE - MATCHA LATTE,6,Normal Day
4/17/2023,NON-COFFEE - MATCHA LATTE,13,Normal Day
4/24/2023,NON-COFFEE - MATCHA LATTE,16,Normal Day
5/1/2023,NON-COFFEE - MATCHA LATTE,16,Normal Day
5/8/2023,NON-COFFEE - MATCHA LATTE,0,Class Suspension - High Temperature
5/15/2023,NON-COFFEE - MATCHA LATTE,11,Normal Day
5/22/2023,NON-COFFEE - MATCHA LATTE,14,Normal Day
5/29/2023,NON-COFFEE - MATCHA LATTE,16,Normal Day
6/5/2023,NON-COFFEE - MATCHA LATTE,14,Normal Day
6/12/2023,NON-COFFEE - MATCHA LATTE,10,Normal Day
6/19/2023,NON-COFFEE - MATCHA LATTE,13,Normal Day
6/26/2023,NON-COFFEE - MATCHA LATTE,6,"Class Suspension - Sangyaw Festival, Class Suspension - Tacloban Day"
7/3/2023,NON-COFFEE - MATCHA LATTE,10,Normal Day
7/10/2023,NON-COFFEE - MATCHA LATTE,13,Normal Day
7/17/2023,NON-COFFEE - MATCHA LATTE,19,Normal Day
7/24/2023,NON-COFFEE - MATCHA LATTE,23,Normal Day
7/31/2023,NON-COFFEE - MATCHA LATTE,16,Normal Day
8/7/2023,NON-COFFEE - MATCHA LATTE,10,Normal Day
8/14/2023,NON-COFFEE - MATCHA LATTE,7,Normal Day
8/21/2023,NON-COFFEE - MATCHA LATTE,10,Holiday - Ninoy Aquino Day
8/28/2023,NON-COFFEE - MATCHA LATTE,5,Normal Day
9/4/2023,NON-COFFEE - MATCHA LATTE,9,Normal Day
9/11/2023,NON-COFFEE - MATCHA LATTE,10,Normal Day
9/18/2023,NON-COFFEE - MATCHA LATTE,5,Normal Day
9/25/2023,NON-COFFEE - MATCHA LATTE,13,Normal Day
10/2/2023,NON-COFFEE - MATCHA LATTE,6,Class Suspension - World Teachers' Day
10/9/2023,NON-COFFEE - MATCHA LATTE,15,Normal Day
10/16/2023,NON-COFFEE - MATCHA LATTE,9,Normal Day
10/23/2023,NON-COFFEE - MATCHA LATTE,16,Normal Day
10/30/2023,NON-COFFEE - MATCHA LATTE,8,"Class Suspension (starting 12:01 pm) - All Saints Day, Holiday - All Saints' Day, Holiday - All Souls' Day, Holiday - Baranggay and Sangguniang Kabataan Elections"
11/6/2023,NON-COFFEE - MATCHA LATTE,8,Class Suspension - Yolanda Day
11/13/2023,NON-COFFEE - MATCHA LATTE,13,Normal Day
11/20/2023,NON-COFFEE - MATCHA LATTE,9,Class Suspension - Heavy Rainfall
11/27/2023,NON-COFFEE - MATCHA LATTE,8,Normal Day
12/4/2023,NON-COFFEE - MATCHA LATTE,14,Holiday - Feast of the Immaculate Conception of Mary
12/11/2023,NON-COFFEE - MATCHA LATTE,6,Normal Day
12/18/2023,NON-COFFEE - MATCHA LATTE,4,"Class Suspension, Class Suspension - 15th HUC Day"
12/25/2023,NON-COFFEE - MATCHA LATTE,4,Holiday - Additional Special Non-Working Day
1/1/2024,NON-COFFEE - MATCHA LATTE,8,Normal Day
1/8/2024,NON-COFFEE - MATCHA LATTE,8,Normal Day
1/15/2024,NON-COFFEE - MATCHA LATTE,7,Normal Day
1/22/2024,NON-COFFEE - MATCHA LATTE,10,Normal Day
1/29/2024,NON-COFFEE - MATCHA LATTE,10,Normal Day
2/5/2024,NON-COFFEE - MATCHA LATTE,6,"Holiday - Additional Special Non-Working Day, Holiday - Chinese New Year"
2/12/2024,NON-COFFEE - MATCHA LATTE,8,Normal Day
2/19/2024,NON-COFFEE - MATCHA LATTE,6,Normal Day
2/26/2024,NON-COFFEE - MATCHA LATTE,6,Normal Day
3/4/2024,NON-COFFEE - MATCHA LATTE,8,Normal Day
3/11/2024,NON-COFFEE - MATCHA LATTE,9,Normal Day
3/18/2024,NON-COFFEE - MATCHA LATTE,11,Normal Day
3/25/2024,NON-COFFEE - MATCHA LATTE,11,"Class Suspension (12:00 pm onwards), Holiday - Black Saturday, Holiday - Good Friday, Holiday - Maundy Thursday"
4/1/2024,NON-COFFEE - MATCHA LATTE,9,Normal Day
4/8/2024,NON-COFFEE - MATCHA LATTE,4,Holiday - Eid'l Fitr
4/15/2024,NON-COFFEE - MATCHA LATTE,12,Normal Day
4/22/2024,NON-COFFEE - MATCHA LATTE,7,Normal Day
4/29/2024,NON-COFFEE - MATCHA LATTE,10,"Class Suspension (F2F) - Transport Strike, Class Suspension - High Temperature, Holiday - Labor Day"
5/6/2024,NON-COFFEE - MATCHA LATTE,8,Normal Day
5/13/2024,NON-COFFEE - MATCHA LATTE,20,Normal Day
5/20/2024,NON-COFFEE - MATCHA LATTE,7,Normal Day
5/27/2024,NON-COFFEE - MATCHA LATTE,12,Normal Day
6/3/2024,NON-COFFEE - MATCHA LATTE,10,Normal Day
6/10/2024,NON-COFFEE - MATCHA LATTE,9,Holiday - Independence Day
6/17/2024,NON-COFFEE - MATCHA LATTE,6,Normal Day
6/24/2024,NON-COFFEE - MATCHA LATTE,3,Normal Day
7/1/2024,NON-COFFEE - MATCHA LATTE,4,Class Suspension - Sangyaw Festival
7/8/2024,NON-COFFEE - MATCHA LATTE,5,Normal Day
7/15/2024,NON-COFFEE - MATCHA LATTE,4,Normal Day
7/22/2024,NON-COFFEE - MATCHA LATTE,1,Normal Day
7/29/2024,NON-COFFEE - MATCHA LATTE,8,Class Suspension - Bagong Pilipinas Serbisyo Fair
8/5/2024,NON-COFFEE - MATCHA LATTE,10,Normal Day
8/12/2024,NON-COFFEE - MATCHA LATTE,5,Normal Day
8/19/2024,NON-COFFEE - MATCHA LATTE,10,Holiday - Ninoy Aquino Day
8/26/2024,NON-COFFEE - MATCHA LATTE,6,Holiday - National Heroes Day
9/2/2024,NON-COFFEE - MATCHA LATTE,7,Normal Day
9/9/2024,NON-COFFEE - MATCHA LATTE,6,Normal Day
9/16/2024,NON-COFFEE - MATCHA LATTE,4,Normal Day
9/23/2024,NON-COFFEE - MATCHA LATTE,5,Normal Day
9/30/2024,NON-COFFEE - MATCHA LATTE,4,Class Suspension - World Teachers' Day
10/7/2024,NON-COFFEE - MATCHA LATTE,3,Normal Day
10/14/2024,NON-COFFEE - MATCHA LATTE,3,Normal Day
10/21/2024,NON-COFFEE - MATCHA LATTE,4,"Class Suspension - Heavy Rainfall, Class Suspension - Typhoon Kristine"
10/28/2024,NON-COFFEE - MATCHA LATTE,13,"Class Suspension (starting 12:01 pm) - All Saints Day, Holiday - All Saints' Day, Holiday - All Souls' Day"
11/4/2024,NON-COFFEE - MATCHA LATTE,10,Class Suspension - Yolanda Day
11/11/2024,NON-COFFEE - MATCHA LATTE,6,Class Suspension (starting 12:01 pm) - Typhoon Pepito
11/18/2024,NON-COFFEE - MATCHA LATTE,18,Normal Day
11/25/2024,NON-COFFEE - MATCHA LATTE,6,Holiday - Bonifacio Day
12/2/2024,NON-COFFEE - MATCHA LATTE,1,Holiday - Feast of the Immaculate Conception of Mary
12/9/2024,NON-COFFEE - MATCHA LATTE,5,Normal Day
12/16/2024,NON-COFFEE - MATCHA LATTE,3,"Class Suspension - Low Pressure Area, Class Suspension - Typhoon Querubin"
12/23/2024,NON-COFFEE - MATCHA LATTE,10,Holiday - Christmas Eve
12/30/2024,NON-COFFEE - MATCHA LATTE,5,"Holiday - Last Day of the Year, Holiday - Rizal Day"
1/6/2025,NON-COFFEE - MATCHA LATTE,3,Normal Day
1/13/2025,NON-COFFEE - MATCHA LATTE,2,Normal Day
1/20/2025,NON-COFFEE - MATCHA LATTE,8,Normal Day
1/27/2025,NON-COFFEE - MATCHA LATTE,6,Holiday - Chinese New Year
2/3/2025,NON-COFFEE - MATCHA LATTE,3,Normal Day
2/10/2025,NON-COFFEE - MATCHA LATTE,7,Class Suspension - Heavy Rainfall
2/17/2025,NON-COFFEE - MATCHA LATTE,3,Class Suspension - Heavy Rainfall
2/24/2025,NON-COFFEE - MATCHA LATTE,5,Normal Day
3/3/2025,NON-COFFEE - MATCHA LATTE,7,Normal Day
3/10/2025,NON-COFFEE - MATCHA LATTE,5,Normal Day
3/17/2025,NON-COFFEE - MATCHA LATTE,1,Class Suspension - Heavy Rainfall
3/24/2025,NON-COFFEE - MATCHA LATTE,5,Forecast
3/31/2025,NON-COFFEE - MATCHA LATTE,5,Forecast
4/7/2025,NON-COFFEE - MATCHA LATTE,5,Forecast
4/14/2025,NON-COFFEE - MATCHA LATTE,5,Forecast
4/21/2025,NON-COFFEE - MATCHA LATTE,4,Forecast
4/28/2025,NON-COFFEE - MATCHA LATTE,4,Forecast
5/5/2025,NON-COFFEE - MATCHA LATTE,4,Forecast
5/12/2025,NON-COFFEE - MATCHA LATTE,4,Forecast
5/19/2025,NON-COFFEE - MATCHA LATTE,4,Forecast
5/26/2025,NON-COFFEE - MATCHA LATTE,4,Forecast
6/2/2025,NON-COFFEE - MATCHA LATTE,4,Forecast
6/9/2025,NON-COFFEE - MATCHA LATTE,4,Forecast
4/3/2023,PASTRY - CHOCOLATE CHIP COOKIE,0,Holiday - Black Saturday
4/10/2023,PASTRY - CHOCOLATE CHIP COOKIE,0,Normal Day
4/17/2023,PASTRY - CHOCOLATE CHIP COOKIE,0,Normal Day
4/24/2023,PASTRY - CHOCOLATE CHIP COOKIE,0,Normal Day
5/1/2023,PASTRY - CHOCOLATE CHIP COOKIE,0,Normal Day
5/8/2023,PASTRY - CHOCOLATE CHIP COOKIE,0,Class Suspension - High Temperature
5/15/2023,PASTRY - CHOCOLATE CHIP COOKIE,0,Normal Day
5/22/2023,PASTRY - CHOCOLATE CHIP COOKIE,0,Normal Day
5/29/2023,PASTRY - CHOCOLATE CHIP COOKIE,0,Normal Day
6/5/2023,PASTRY - CHOCOLATE CHIP COOKIE,0,Normal Day
6/12/2023,PASTRY - CHOCOLATE CHIP COOKIE,0,Normal Day
6/19/2023,PASTRY - CHOCOLATE CHIP COOKIE,0,Normal Day
6/26/2023,PASTRY - CHOCOLATE CHIP COOKIE,7,"Class Suspension - Sangyaw Festival, Class Suspension - Tacloban Day"
7/3/2023,PASTRY - CHOCOLATE CHIP COOKIE,18,Normal Day
7/10/2023,PASTRY - CHOCOLATE CHIP COOKIE,9,Normal Day
7/17/2023,PASTRY - CHOCOLATE CHIP COOKIE,22,Normal Day
7/24/2023,PASTRY - CHOCOLATE CHIP COOKIE,10,Normal Day
7/31/2023,PASTRY - CHOCOLATE CHIP COOKIE,0,Normal Day
8/7/2023,PASTRY - CHOCOLATE CHIP COOKIE,8,Normal Day
8/14/2023,PASTRY - CHOCOLATE CHIP COOKIE,5,Normal Day
8/21/2023,PASTRY - CHOCOLATE CHIP COOKIE,4,Holiday - Ninoy Aquino Day
8/28/2023,PASTRY - CHOCOLATE CHIP COOKIE,3,Normal Day
9/4/2023,PASTRY - CHOCOLATE CHIP COOKIE,16,Normal Day
9/11/2023,PASTRY - CHOCOLATE CHIP COOKIE,6,Normal Day
9/18/2023,PASTRY - CHOCOLATE CHIP COOKIE,10,Normal Day
9/25/2023,PASTRY - CHOCOLATE CHIP COOKIE,2,Normal Day
10/2/2023,PASTRY - CHOCOLATE CHIP COOKIE,6,Class Suspension - World Teachers' Day
10/9/2023,PASTRY - CHOCOLATE CHIP COOKIE,5,Normal Day
10/16/2023,PASTRY - CHOCOLATE CHIP COOKIE,10,Normal Day
10/23/2023,PASTRY - CHOCOLATE CHIP COOKIE,9,Normal Day
10/30/2023,PASTRY - CHOCOLATE CHIP COOKIE,9,"Class Suspension (starting 12:01 pm) - All Saints Day, Holiday - All Saints' Day, Holiday - All Souls' Day, Holiday - Baranggay and Sangguniang Kabataan Elections"
11/6/2023,PASTRY - CHOCOLATE CHIP COOKIE,6,Class Suspension - Yolanda Day
11/13/2023,PASTRY - CHOCOLATE CHIP COOKIE,3,Normal Day
11/20/2023,PASTRY - CHOCOLATE CHIP COOKIE,8,Class Suspension - Heavy Rainfall
11/27/2023,PASTRY - CHOCOLATE CHIP COOKIE,4,Normal Day
12/4/2023,PASTRY - CHOCOLATE CHIP COOKIE,16,Holiday - Feast of the Immaculate Conception of Mary
12/11/2023,PASTRY - CHOCOLATE CHIP COOKIE,7,Normal Day
12/18/2023,PASTRY - CHOCOLATE CHIP COOKIE,6,"Class Suspension, Class Suspension - 15th HUC Day"
12/25/2023,PASTRY - CHOCOLATE CHIP COOKIE,9,Holiday - Additional Special Non-Working Day
1/1/2024,PASTRY - CHOCOLATE CHIP COOKIE,7,Normal Day
1/8/2024,PASTRY - CHOCOLATE CHIP COOKIE,16,Normal Day
1/15/2024,PASTRY - CHOCOLATE CHIP COOKIE,22,Normal Day
1/22/2024,PASTRY - CHOCOLATE CHIP COOKIE,9,Normal Day
1/29/2024,PASTRY - CHOCOLATE CHIP COOKIE,17,Normal Day
2/5/2024,PASTRY - CHOCOLATE CHIP COOKIE,19,"Holiday - Additional Special Non-Working Day, Holiday - Chinese New Year"
2/12/2024,PASTRY - CHOCOLATE CHIP COOKIE,20,Normal Day
2/19/2024,PASTRY - CHOCOLATE CHIP COOKIE,14,Normal Day
2/26/2024,PASTRY - CHOCOLATE CHIP COOKIE,9,Normal Day
3/4/2024,PASTRY - CHOCOLATE CHIP COOKIE,9,Normal Day
3/11/2024,PASTRY - CHOCOLATE CHIP COOKIE,0,Normal Day
3/18/2024,PASTRY - CHOCOLATE CHIP COOKIE,0,Normal Day
3/25/2024,PASTRY - CHOCOLATE CHIP COOKIE,14,"Class Suspension (12:00 pm onwards), Holiday - Black Saturday, Holiday - Good Friday, Holiday - Maundy Thursday"
4/1/2024,PASTRY - CHOCOLATE CHIP COOKIE,12,Normal Day
4/8/2024,PASTRY - CHOCOLATE CHIP COOKIE,12,Holiday - Eid'l Fitr
4/15/2024,PASTRY - CHOCOLATE CHIP COOKIE,4,Normal Day
4/22/2024,PASTRY - CHOCOLATE CHIP COOKIE,11,Normal Day
4/29/2024,PASTRY - CHOCOLATE CHIP COOKIE,31,"Class Suspension (F2F) - Transport Strike, Class Suspension - High Temperature, Holiday - Labor Day"
5/6/2024,PASTRY - CHOCOLATE CHIP COOKIE,13,Normal Day
5/13/2024,PASTRY - CHOCOLATE CHIP COOKIE,35,Normal Day
5/20/2024,PASTRY - CHOCOLATE CHIP COOKIE,22,Normal Day
5/27/2024,PASTRY - CHOCOLATE CHIP COOKIE,8,Normal Day
6/3/2024,PASTRY - CHOCOLATE CHIP COOKIE,23,Normal Day
6/10/2024,PASTRY - CHOCOLATE CHIP COOKIE,12,Holiday - Independence Day
6/17/2024,PASTRY - CHOCOLATE CHIP COOKIE,8,Normal Day
6/24/2024,PASTRY - CHOCOLATE CHIP COOKIE,44,Normal Day
7/1/2024,PASTRY - CHOCOLATE CHIP COOKIE,6,Class Suspension - Sangyaw Festival
7/8/2024,PASTRY - CHOCOLATE CHIP COOKIE,4,Normal Day
7/15/2024,PASTRY - CHOCOLATE CHIP COOKIE,0,Normal Day
7/22/2024,PASTRY - CHOCOLATE CHIP COOKIE,3,Normal Day
7/29/2024,PASTRY - CHOCOLATE CHIP COOKIE,8,Class Suspension - Bagong Pilipinas Serbisyo Fair
8/5/2024,PASTRY - CHOCOLATE CHIP COOKIE,7,Normal Day
8/12/2024,PASTRY - CHOCOLATE CHIP COOKIE,5,Normal Day
8/19/2024,PASTRY - CHOCOLATE CHIP COOKIE,5,Holiday - Ninoy Aquino Day
8/26/2024,PASTRY - CHOCOLATE CHIP COOKIE,4,Holiday - National Heroes Day
9/2/2024,PASTRY - CHOCOLATE CHIP COOKIE,6,Normal Day
9/9/2024,PASTRY - CHOCOLATE CHIP COOKIE,2,Normal Day
9/16/2024,PASTRY - CHOCOLATE CHIP COOKIE,2,Normal Day
9/23/2024,PASTRY - CHOCOLATE CHIP COOKIE,0,Normal Day
9/30/2024,PASTRY - CHOCOLATE CHIP COOKIE,0,Class Suspension - World Teachers' Day
10/7/2024,PASTRY - CHOCOLATE CHIP COOKIE,0,Normal Day
10/14/2024,PASTRY - CHOCOLATE CHIP COOKIE,0,Normal Day
10/21/2024,PASTRY - CHOCOLATE CHIP COOKIE,0,"Class Suspension - Heavy Rainfall, Class Suspension - Typhoon Kristine"
10/28/2024,PASTRY - CHOCOLATE CHIP COOKIE,0,"Class Suspension (starting 12:01 pm) - All Saints Day, Holiday - All Saints' Day, Holiday - All Souls' Day"
11/4/2024,PASTRY - CHOCOLATE CHIP COOKIE,0,Class Suspension - Yolanda Day
11/11/2024,PASTRY - CHOCOLATE CHIP COOKIE,5,Class Suspension (starting 12:01 pm) - Typhoon Pepito
11/18/2024,PASTRY - CHOCOLATE CHIP COOKIE,14,Normal Day
11/25/2024,PASTRY - CHOCOLATE CHIP COOKIE,16,Holiday - Bonifacio Day
12/2/2024,PASTRY - CHOCOLATE CHIP COOKIE,15,Holiday - Feast of the Immaculate Conception of Mary
12/9/2024,PASTRY - CHOCOLATE CHIP COOKIE,21,Normal Day
12/16/2024,PASTRY - CHOCOLATE CHIP COOKIE,4,"Class Suspension - Low Pressure Area, Class Suspension - Typhoon Querubin"
12/23/2024,PASTRY - CHOCOLATE CHIP COOKIE,0,Holiday - Christmas Eve
12/30/2024,PASTRY - CHOCOLATE CHIP COOKIE,7,"Holiday - Last Day of the Year, Holiday - Rizal Day"
1/6/2025,PASTRY - CHOCOLATE CHIP COOKIE,10,Normal Day
1/13/2025,PASTRY - CHOCOLATE CHIP COOKIE,6,Normal Day
1/20/2025,PASTRY - CHOCOLATE CHIP COOKIE,13,Normal Day
1/27/2025,PASTRY - CHOCOLATE CHIP COOKIE,16,Holiday - Chinese New Year
2/3/2025,PASTRY - CHOCOLATE CHIP COOKIE,4,Normal Day
2/10/2025,PASTRY - CHOCOLATE CHIP COOKIE,6,Class Suspension - Heavy Rainfall
2/17/2025,PASTRY - CHOCOLATE CHIP COOKIE,9,Class Suspension - Heavy Rainfall
2/24/2025,PASTRY - CHOCOLATE CHIP COOKIE,3,Normal Day
3/3/2025,PASTRY - CHOCOLATE CHIP COOKIE,13,Normal Day
3/10/2025,PASTRY - CHOCOLATE CHIP COOKIE,3,Normal Day
3/17/2025,PASTRY - CHOCOLATE CHIP COOKIE,0,Class Suspension - Heavy Rainfall
3/24/2025,PASTRY - CHOCOLATE CHIP COOKIE,11,Forecast
3/31/2025,PASTRY - CHOCOLATE CHIP COOKIE,11,Forecast
4/7/2025,PASTRY - CHOCOLATE CHIP COOKIE,11,Forecast
4/14/2025,PASTRY - CHOCOLATE CHIP COOKIE,11,Forecast
4/21/2025,PASTRY - CHOCOLATE CHIP COOKIE,11,Forecast
4/28/2025,PASTRY - CHOCOLATE CHIP COOKIE,11,Forecast
5/5/2025,PASTRY - CHOCOLATE CHIP COOKIE,11,Forecast
5/12/2025,PASTRY - CHOCOLATE CHIP COOKIE,11,Forecast
5/19/2025,PASTRY - CHOCOLATE CHIP COOKIE,11,Forecast
5/26/2025,PASTRY - CHOCOLATE CHIP COOKIE,11,Forecast
6/2/2025,PASTRY - CHOCOLATE CHIP COOKIE,11,Forecast
6/9/2025,PASTRY - CHOCOLATE CHIP COOKIE,11,Forecast
4/3/2023,PASTRY - TABLEA COOKIE,3,Holiday - Black Saturday
4/10/2023,PASTRY - TABLEA COOKIE,21,Normal Day
4/17/2023,PASTRY - TABLEA COOKIE,14,Normal Day
4/24/2023,PASTRY - TABLEA COOKIE,48,Normal Day
5/1/2023,PASTRY - TABLEA COOKIE,24,Normal Day
5/8/2023,PASTRY - TABLEA COOKIE,22,Class Suspension - High Temperature
5/15/2023,PASTRY - TABLEA COOKIE,14,Normal Day
5/22/2023,PASTRY - TABLEA COOKIE,10,Normal Day
5/29/2023,PASTRY - TABLEA COOKIE,16,Normal Day
6/5/2023,PASTRY - TABLEA COOKIE,13,Normal Day
6/12/2023,PASTRY - TABLEA COOKIE,27,Normal Day
6/19/2023,PASTRY - TABLEA COOKIE,12,Normal Day
6/26/2023,PASTRY - TABLEA COOKIE,5,"Class Suspension - Sangyaw Festival, Class Suspension - Tacloban Day"
7/3/2023,PASTRY - TABLEA COOKIE,0,Normal Day
7/10/2023,PASTRY - TABLEA COOKIE,7,Normal Day
7/17/2023,PASTRY - TABLEA COOKIE,16,Normal Day
7/24/2023,PASTRY - TABLEA COOKIE,18,Normal Day
7/31/2023,PASTRY - TABLEA COOKIE,19,Normal Day
8/7/2023,PASTRY - TABLEA COOKIE,5,Normal Day
8/14/2023,PASTRY - TABLEA COOKIE,5,Normal Day
8/21/2023,PASTRY - TABLEA COOKIE,4,Holiday - Ninoy Aquino Day
8/28/2023,PASTRY - TABLEA COOKIE,13,Normal Day
9/4/2023,PASTRY - TABLEA COOKIE,15,Normal Day
9/11/2023,PASTRY - TABLEA COOKIE,14,Normal Day
9/18/2023,PASTRY - TABLEA COOKIE,2,Normal Day
9/25/2023,PASTRY - TABLEA COOKIE,8,Normal Day
10/2/2023,PASTRY - TABLEA COOKIE,12,Class Suspension - World Teachers' Day
10/9/2023,PASTRY - TABLEA COOKIE,11,Normal Day
10/16/2023,PASTRY - TABLEA COOKIE,6,Normal Day
10/23/2023,PASTRY - TABLEA COOKIE,23,Normal Day
10/30/2023,PASTRY - TABLEA COOKIE,10,"Class Suspension (starting 12:01 pm) - All Saints Day, Holiday - All Saints' Day, Holiday - All Souls' Day, Holiday - Baranggay and Sangguniang Kabataan Elections"
11/6/2023,PASTRY - TABLEA COOKIE,8,Class Suspension - Yolanda Day
11/13/2023,PASTRY - TABLEA COOKIE,8,Normal Day
11/20/2023,PASTRY - TABLEA COOKIE,4,Class Suspension - Heavy Rainfall
11/27/2023,PASTRY - TABLEA COOKIE,15,Normal Day
12/4/2023,PASTRY - TABLEA COOKIE,11,Holiday - Feast of the Immaculate Conception of Mary
12/11/2023,PASTRY - TABLEA COOKIE,11,Normal Day
12/18/2023,PASTRY - TABLEA COOKIE,1,"Class Suspension, Class Suspension - 15th HUC Day"
12/25/2023,PASTRY - TABLEA COOKIE,9,Holiday - Additional Special Non-Working Day
1/1/2024,PASTRY - TABLEA COOKIE,8,Normal Day
1/8/2024,PASTRY - TABLEA COOKIE,0,Normal Day
1/15/2024,PASTRY - TABLEA COOKIE,0,Normal Day
1/22/2024,PASTRY - TABLEA COOKIE,0,Normal Day
1/29/2024,PASTRY - TABLEA COOKIE,0,Normal Day
2/5/2024,PASTRY - TABLEA COOKIE,0,"Holiday - Additional Special Non-Working Day, Holiday - Chinese New Year"
2/12/2024,PASTRY - TABLEA COOKIE,8,Normal Day
2/19/2024,PASTRY - TABLEA COOKIE,16,Normal Day
2/26/2024,PASTRY - TABLEA COOKIE,15,Normal Day
3/4/2024,PASTRY - TABLEA COOKIE,3,Normal Day
3/11/2024,PASTRY - TABLEA COOKIE,8,Normal Day
3/18/2024,PASTRY - TABLEA COOKIE,13,Normal Day
3/25/2024,PASTRY - TABLEA COOKIE,11,"Class Suspension (12:00 pm onwards), Holiday - Black Saturday, Holiday - Good Friday, Holiday - Maundy Thursday"
4/1/2024,PASTRY - TABLEA COOKIE,9,Normal Day
4/8/2024,PASTRY - TABLEA COOKIE,0,Holiday - Eid'l Fitr
4/15/2024,PASTRY - TABLEA COOKIE,0,Normal Day
4/22/2024,PASTRY - TABLEA COOKIE,11,Normal Day
4/29/2024,PASTRY - TABLEA COOKIE,19,"Class Suspension (F2F) - Transport Strike, Class Suspension - High Temperature, Holiday - Labor Day"
5/6/2024,PASTRY - TABLEA COOKIE,19,Normal Day
5/13/2024,PASTRY - TABLEA COOKIE,26,Normal Day
5/20/2024,PASTRY - TABLEA COOKIE,11,Normal Day
5/27/2024,PASTRY - TABLEA COOKIE,7,Normal Day
6/3/2024,PASTRY - TABLEA COOKIE,18,Normal Day
6/10/2024,PASTRY - TABLEA COOKIE,9,Holiday - Independence Day
6/17/2024,PASTRY - TABLEA COOKIE,12,Normal Day
6/24/2024,PASTRY - TABLEA COOKIE,9,Normal Day
7/1/2024,PASTRY - TABLEA COOKIE,6,Class Suspension - Sangyaw Festival
7/8/2024,PASTRY - TABLEA COOKIE,8,Normal Day
7/15/2024,PASTRY - TABLEA COOKIE,6,Normal Day
7/22/2024,PASTRY - TABLEA COOKIE,1,Normal Day
7/29/2024,PASTRY - TABLEA COOKIE,8,Class Suspension - Bagong Pilipinas Serbisyo Fair
8/5/2024,PASTRY - TABLEA COOKIE,7,Normal Day
8/12/2024,PASTRY - TABLEA COOKIE,3,Normal Day
8/19/2024,PASTRY - TABLEA COOKIE,3,Holiday - Ninoy Aquino Day
8/26/2024,PASTRY - TABLEA COOKIE,0,Holiday - National Heroes Day
9/2/2024,PASTRY - TABLEA COOKIE,12,Normal Day
9/9/2024,PASTRY - TABLEA COOKIE,5,Normal Day
9/16/2024,PASTRY - TABLEA COOKIE,6,Normal Day
9/23/2024,PASTRY - TABLEA COOKIE,3,Normal Day
9/30/2024,PASTRY - TABLEA COOKIE,0,Class Suspension - World Teachers' Day
10/7/2024,PASTRY - TABLEA COOKIE,0,Normal Day
10/14/2024,PASTRY - TABLEA COOKIE,0,Normal Day
10/21/2024,PASTRY - TABLEA COOKIE,0,"Class Suspension - Heavy Rainfall, Class Suspension - Typhoon Kristine"
10/28/2024,PASTRY - TABLEA COOKIE,0,"Class Suspension (starting 12:01 pm) - All Saints Day, Holiday - All Saints' Day, Holiday - All Souls' Day"
11/4/2024,PASTRY - TABLEA COOKIE,0,Class Suspension - Yolanda Day
11/11/2024,PASTRY - TABLEA COOKIE,0,Class Suspension (starting 12:01 pm) - Typhoon Pepito
11/18/2024,PASTRY - TABLEA COOKIE,0,Normal Day
11/25/2024,PASTRY - TABLEA COOKIE,0,Holiday - Bonifacio Day
12/2/2024,PASTRY - TABLEA COOKIE,0,Holiday - Feast of the Immaculate Conception of Mary
12/9/2024,PASTRY - TABLEA COOKIE,0,Normal Day
12/16/2024,PASTRY - TABLEA COOKIE,1,"Class Suspension - Low Pressure Area, Class Suspension - Typhoon Querubin"
12/23/2024,PASTRY - TABLEA COOKIE,1,Holiday - Christmas Eve
12/30/2024,PASTRY - TABLEA COOKIE,4,"Holiday - Last Day of the Year, Holiday - Rizal Day"
1/6/2025,PASTRY - TABLEA COOKIE,8,Normal Day
1/13/2025,PASTRY - TABLEA COOKIE,7,Normal Day
1/20/2025,PASTRY - TABLEA COOKIE,9,Normal Day
1/27/2025,PASTRY - TABLEA COOKIE,11,Holiday - Chinese New Year
2/3/2025,PASTRY - TABLEA COOKIE,6,Normal Day
2/10/2025,PASTRY - TABLEA COOKIE,6,Class Suspension - Heavy Rainfall
2/17/2025,PASTRY - TABLEA COOKIE,13,Class Suspension - Heavy Rainfall
2/24/2025,PASTRY - TABLEA COOKIE,5,Normal Day
3/3/2025,PASTRY - TABLEA COOKIE,14,Normal Day
3/10/2025,PASTRY - TABLEA COOKIE,6,Normal Day
3/17/2025,PASTRY - TABLEA COOKIE,0,Class Suspension - Heavy Rainfall
3/24/2025,PASTRY - TABLEA COOKIE,6,Forecast
3/31/2025,PASTRY - TABLEA COOKIE,6,Forecast
4/7/2025,PASTRY - TABLEA COOKIE,6,Forecast
4/14/2025,PASTRY - TABLEA COOKIE,6,Forecast
4/21/2025,PASTRY - TABLEA COOKIE,6,Forecast
4/28/2025,PASTRY - TABLEA COOKIE,6,Forecast
5/5/2025,PASTRY - TABLEA COOKIE,6,Forecast
5/12/2025,PASTRY - TABLEA COOKIE,6,Forecast
5/19/2025,PASTRY - TABLEA COOKIE,5,Forecast
5/26/2025,PASTRY - TABLEA COOKIE,5,Forecast
6/2/2025,PASTRY - TABLEA COOKIE,5,Forecast
6/9/2025,PASTRY - TABLEA COOKIE,5,Forecast
4/3/2023,SANDWICHES - BBQ PULLED LANGKA SANDWICH,0,Holiday - Black Saturday
4/10/2023,SANDWICHES - BBQ PULLED LANGKA SANDWICH,0,Normal Day
4/17/2023,SANDWICHES - BBQ PULLED LANGKA SANDWICH,0,Normal Day
4/24/2023,SANDWICHES - BBQ PULLED LANGKA SANDWICH,0,Normal Day
5/1/2023,SANDWICHES - BBQ PULLED LANGKA SANDWICH,0,Normal Day
5/8/2023,SANDWICHES - BBQ PULLED LANGKA SANDWICH,0,Class Suspension - High Temperature
5/15/2023,SANDWICHES - BBQ PULLED LANGKA SANDWICH,0,Normal Day
5/22/2023,SANDWICHES - BBQ PULLED LANGKA SANDWICH,0,Normal Day
5/29/2023,SANDWICHES - BBQ PULLED LANGKA SANDWICH,0,Normal Day
6/5/2023,SANDWICHES - BBQ PULLED LANGKA SANDWICH,0,Normal Day
6/12/2023,SANDWICHES - BBQ PULLED LANGKA SANDWICH,0,Normal Day
6/19/2023,SANDWICHES - BBQ PULLED LANGKA SANDWICH,0,Normal Day
6/26/2023,SANDWICHES - BBQ PULLED LANGKA SANDWICH,0,"Class Suspension - Sangyaw Festival, Class Suspension - Tacloban Day"
7/3/2023,SANDWICHES - BBQ PULLED LANGKA SANDWICH,0,Normal Day
7/10/2023,SANDWICHES - BBQ PULLED LANGKA SANDWICH,0,Normal Day
7/17/2023,SANDWICHES - BBQ PULLED LANGKA SANDWICH,0,Normal Day
7/24/2023,SANDWICHES - BBQ PULLED LANGKA SANDWICH,0,Normal Day
7/31/2023,SANDWICHES - BBQ PULLED LANGKA SANDWICH,7,Normal Day
8/7/2023,SANDWICHES - BBQ PULLED LANGKA SANDWICH,10,Normal Day
8/14/2023,SANDWICHES - BBQ PULLED LANGKA SANDWICH,4,Normal Day
8/21/2023,SANDWICHES - BBQ PULLED LANGKA SANDWICH,11,Holiday - Ninoy Aquino Day
8/28/2023,SANDWICHES - BBQ PULLED LANGKA SANDWICH,11,Normal Day
9/4/2023,SANDWICHES - BBQ PULLED LANGKA SANDWICH,13,Normal Day
9/11/2023,SANDWICHES - BBQ PULLED LANGKA SANDWICH,12,Normal Day
9/18/2023,SANDWICHES - BBQ PULLED LANGKA SANDWICH,17,Normal Day
9/25/2023,SANDWICHES - BBQ PULLED LANGKA SANDWICH,16,Normal Day
10/2/2023,SANDWICHES - BBQ PULLED LANGKA SANDWICH,11,Class Suspension - World Teachers' Day
10/9/2023,SANDWICHES - BBQ PULLED LANGKA SANDWICH,18,Normal Day
10/16/2023,SANDWICHES - BBQ PULLED LANGKA SANDWICH,9,Normal Day
10/23/2023,SANDWICHES - BBQ PULLED LANGKA SANDWICH,10,Normal Day
10/30/2023,SANDWICHES - BBQ PULLED LANGKA SANDWICH,10,"Class Suspension (starting 12:01 pm) - All Saints Day, Holiday - All Saints' Day, Holiday - All Souls' Day, Holiday - Baranggay and Sangguniang Kabataan Elections"
11/6/2023,SANDWICHES - BBQ PULLED LANGKA SANDWICH,23,Class Suspension - Yolanda Day
11/13/2023,SANDWICHES - BBQ PULLED LANGKA SANDWICH,16,Normal Day
11/20/2023,SANDWICHES - BBQ PULLED LANGKA SANDWICH,10,Class Suspension - Heavy Rainfall
11/27/2023,SANDWICHES - BBQ PULLED LANGKA SANDWICH,15,Normal Day
12/4/2023,SANDWICHES - BBQ PULLED LANGKA SANDWICH,30,Holiday - Feast of the Immaculate Conception of Mary
12/11/2023,SANDWICHES - BBQ PULLED LANGKA SANDWICH,8,Normal Day
12/18/2023,SANDWICHES - BBQ PULLED LANGKA SANDWICH,11,"Class Suspension, Class Suspension - 15th HUC Day"
12/25/2023,SANDWICHES - BBQ PULLED LANGKA SANDWICH,9,Holiday - Additional Special Non-Working Day
1/1/2024,SANDWICHES - BBQ PULLED LANGKA SANDWICH,9,Normal Day
1/8/2024,SANDWICHES - BBQ PULLED LANGKA SANDWICH,16,Normal Day
1/15/2024,SANDWICHES - BBQ PULLED LANGKA SANDWICH,20,Normal Day
1/22/2024,SANDWICHES - BBQ PULLED LANGKA SANDWICH,17,Normal Day
1/29/2024,SANDWICHES - BBQ PULLED LANGKA SANDWICH,26,Normal Day
2/5/2024,SANDWICHES - BBQ PULLED LANGKA SANDWICH,9,"Holiday - Additional Special Non-Working Day, Holiday - Chinese New Year"
2/12/2024,SANDWICHES - BBQ PULLED LANGKA SANDWICH,18,Normal Day
2/19/2024,SANDWICHES - BBQ PULLED LANGKA SANDWICH,25,Normal Day
2/26/2024,SANDWICHES - BBQ PULLED LANGKA SANDWICH,11,Normal Day
3/4/2024,SANDWICHES - BBQ PULLED LANGKA SANDWICH,7,Normal Day
3/11/2024,SANDWICHES - BBQ PULLED LANGKA SANDWICH,12,Normal Day
3/18/2024,SANDWICHES - BBQ PULLED LANGKA SANDWICH,7,Normal Day
3/25/2024,SANDWICHES - BBQ PULLED LANGKA SANDWICH,16,"Class Suspension (12:00 pm onwards), Holiday - Black Saturday, Holiday - Good Friday, Holiday - Maundy Thursday"
4/1/2024,SANDWICHES - BBQ PULLED LANGKA SANDWICH,4,Normal Day
4/8/2024,SANDWICHES - BBQ PULLED LANGKA SANDWICH,3,Holiday - Eid'l Fitr
4/15/2024,SANDWICHES - BBQ PULLED LANGKA SANDWICH,4,Normal Day
4/22/2024,SANDWICHES - BBQ PULLED LANGKA SANDWICH,1,Normal Day
4/29/2024,SANDWICHES - BBQ PULLED LANGKA SANDWICH,13,"Class Suspension (F2F) - Transport Strike, Class Suspension - High Temperature, Holiday - Labor Day"
5/6/2024,SANDWICHES - BBQ PULLED LANGKA SANDWICH,10,Normal Day
5/13/2024,SANDWICHES - BBQ PULLED LANGKA SANDWICH,11,Normal Day
5/20/2024,SANDWICHES - BBQ PULLED LANGKA SANDWICH,5,Normal Day
5/27/2024,SANDWICHES - BBQ PULLED LANGKA SANDWICH,10,Normal Day
6/3/2024,SANDWICHES - BBQ PULLED LANGKA SANDWICH,9,Normal Day
6/10/2024,SANDWICHES - BBQ PULLED LANGKA SANDWICH,3,Holiday - Independence Day
6/17/2024,SANDWICHES - BBQ PULLED LANGKA SANDWICH,9,Normal Day
6/24/2024,SANDWICHES - BBQ PULLED LANGKA SANDWICH,6,Normal Day
7/1/2024,SANDWICHES - BBQ PULLED LANGKA SANDWICH,7,Class Suspension - Sangyaw Festival
7/8/2024,SANDWICHES - BBQ PULLED LANGKA SANDWICH,9,Normal Day
7/15/2024,SANDWICHES - BBQ PULLED LANGKA SANDWICH,10,Normal Day
7/22/2024,SANDWICHES - BBQ PULLED LANGKA SANDWICH,4,Normal Day
7/29/2024,SANDWICHES - BBQ PULLED LANGKA SANDWICH,9,Class Suspension - Bagong Pilipinas Serbisyo Fair
8/5/2024,SANDWICHES - BBQ PULLED LANGKA SANDWICH,6,Normal Day
8/12/2024,SANDWICHES - BBQ PULLED LANGKA SANDWICH,7,Normal Day
8/19/2024,SANDWICHES - BBQ PULLED LANGKA SANDWICH,3,Holiday - Ninoy Aquino Day
8/26/2024,SANDWICHES - BBQ PULLED LANGKA SANDWICH,4,Holiday - National Heroes Day
9/2/2024,SANDWICHES - BBQ PULLED LANGKA SANDWICH,5,Normal Day
9/9/2024,SANDWICHES - BBQ PULLED LANGKA SANDWICH,0,Normal Day
9/16/2024,SANDWICHES - BBQ PULLED LANGKA SANDWICH,1,Normal Day
9/23/2024,SANDWICHES - BBQ PULLED LANGKA SANDWICH,7,Normal Day
9/30/2024,SANDWICHES - BBQ PULLED LANGKA SANDWICH,3,Class Suspension - World Teachers' Day
10/7/2024,SANDWICHES - BBQ PULLED LANGKA SANDWICH,6,Normal Day
10/14/2024,SANDWICHES - BBQ PULLED LANGKA SANDWICH,5,Normal Day
10/21/2024,SANDWICHES - BBQ PULLED LANGKA SANDWICH,5,"Class Suspension - Heavy Rainfall, Class Suspension - Typhoon Kristine"
10/28/2024,SANDWICHES - BBQ PULLED LANGKA SANDWICH,11,"Class Suspension (starting 12:01 pm) - All Saints Day, Holiday - All Saints' Day, Holiday - All Souls' Day"
11/4/2024,SANDWICHES - BBQ PULLED LANGKA SANDWICH,5,Class Suspension - Yolanda Day
11/11/2024,SANDWICHES - BBQ PULLED LANGKA SANDWICH,4,Class Suspension (starting 12:01 pm) - Typhoon Pepito
11/18/2024,SANDWICHES - BBQ PULLED LANGKA SANDWICH,7,Normal Day
11/25/2024,SANDWICHES - BBQ PULLED LANGKA SANDWICH,8,Holiday - Bonifacio Day
12/2/2024,SANDWICHES - BBQ PULLED LANGKA SANDWICH,4,Holiday - Feast of the Immaculate Conception of Mary
12/9/2024,SANDWICHES - BBQ PULLED LANGKA SANDWICH,7,Normal Day
12/16/2024,SANDWICHES - BBQ PULLED LANGKA SANDWICH,4,"Class Suspension - Low Pressure Area, Class Suspension - Typhoon Querubin"
12/23/2024,SANDWICHES - BBQ PULLED LANGKA SANDWICH,5,Holiday - Christmas Eve
12/30/2024,SANDWICHES - BBQ PULLED LANGKA SANDWICH,3,"Holiday - Last Day of the Year, Holiday - Rizal Day"
1/6/2025,SANDWICHES - BBQ PULLED LANGKA SANDWICH,2,Normal Day
1/13/2025,SANDWICHES - BBQ PULLED LANGKA SANDWICH,5,Normal Day
1/20/2025,SANDWICHES - BBQ PULLED LANGKA SANDWICH,4,Normal Day
1/27/2025,SANDWICHES - BBQ PULLED LANGKA SANDWICH,12,Holiday - Chinese New Year
2/3/2025,SANDWICHES - BBQ PULLED LANGKA SANDWICH,17,Normal Day
2/10/2025,SANDWICHES - BBQ PULLED LANGKA SANDWICH,11,Class Suspension - Heavy Rainfall
2/17/2025,SANDWICHES - BBQ PULLED LANGKA SANDWICH,6,Class Suspension - Heavy Rainfall
2/24/2025,SANDWICHES - BBQ PULLED LANGKA SANDWICH,7,Normal Day
3/3/2025,SANDWICHES - BBQ PULLED LANGKA SANDWICH,15,Normal Day
3/10/2025,SANDWICHES - BBQ PULLED LANGKA SANDWICH,10,Normal Day
3/17/2025,SANDWICHES - BBQ PULLED LANGKA SANDWICH,5,Class Suspension - Heavy Rainfall
3/24/2025,SANDWICHES - BBQ PULLED LANGKA SANDWICH,5,Forecast
3/31/2025,SANDWICHES - BBQ PULLED LANGKA SANDWICH,5,Forecast
4/7/2025,SANDWICHES - BBQ PULLED LANGKA SANDWICH,5,Forecast
4/14/2025,SANDWICHES - BBQ PULLED LANGKA SANDWICH,5,Forecast
4/21/2025,SANDWICHES - BBQ PULLED LANGKA SANDWICH,5,Forecast
4/28/2025,SANDWICHES - BBQ PULLED LANGKA SANDWICH,5,Forecast
5/5/2025,SANDWICHES - BBQ PULLED LANGKA SANDWICH,5,Forecast
5/12/2025,SANDWICHES - BBQ PULLED LANGKA SANDWICH,5,Forecast
5/19/2025,SANDWICHES - BBQ PULLED LANGKA SANDWICH,4,Forecast
5/26/2025,SANDWICHES - BBQ PULLED LANGKA SANDWICH,4,Forecast
6/2/2025,SANDWICHES - BBQ PULLED LANGKA SANDWICH,4,Forecast
6/9/2025,SANDWICHES - BBQ PULLED LANGKA SANDWICH,4,Forecast
4/3/2023,SANDWICHES - CHICKPEA NORI SANDWICH,0,Holiday - Black Saturday
4/10/2023,SANDWICHES - CHICKPEA NORI SANDWICH,0,Normal Day
4/17/2023,SANDWICHES - CHICKPEA NORI SANDWICH,0,Normal Day
4/24/2023,SANDWICHES - CHICKPEA NORI SANDWICH,0,Normal Day
5/1/2023,SANDWICHES - CHICKPEA NORI SANDWICH,0,Normal Day
5/8/2023,SANDWICHES - CHICKPEA NORI SANDWICH,0,Class Suspension - High Temperature
5/15/2023,SANDWICHES - CHICKPEA NORI SANDWICH,0,Normal Day
5/22/2023,SANDWICHES - CHICKPEA NORI SANDWICH,0,Normal Day
5/29/2023,SANDWICHES - CHICKPEA NORI SANDWICH,0,Normal Day
6/5/2023,SANDWICHES - CHICKPEA NORI SANDWICH,0,Normal Day
6/12/2023,SANDWICHES - CHICKPEA NORI SANDWICH,0,Normal Day
6/19/2023,SANDWICHES - CHICKPEA NORI SANDWICH,0,Normal Day
6/26/2023,SANDWICHES - CHICKPEA NORI SANDWICH,0,"Class Suspension - Sangyaw Festival, Class Suspension - Tacloban Day"
7/3/2023,SANDWICHES - CHICKPEA NORI SANDWICH,0,Normal Day
7/10/2023,SANDWICHES - CHICKPEA NORI SANDWICH,0,Normal Day
7/17/2023,SANDWICHES - CHICKPEA NORI SANDWICH,0,Normal Day
7/24/2023,SANDWICHES - CHICKPEA NORI SANDWICH,0,Normal Day
7/31/2023,SANDWICHES - CHICKPEA NORI SANDWICH,0,Normal Day
8/7/2023,SANDWICHES - CHICKPEA NORI SANDWICH,0,Normal Day
8/14/2023,SANDWICHES - CHICKPEA NORI SANDWICH,0,Normal Day
8/21/2023,SANDWICHES - CHICKPEA NORI SANDWICH,0,Holiday - Ninoy Aquino Day
8/28/2023,SANDWICHES - CHICKPEA NORI SANDWICH,0,Normal Day
9/4/2023,SANDWICHES - CHICKPEA NORI SANDWICH,0,Normal Day
9/11/2023,SANDWICHES - CHICKPEA NORI SANDWICH,0,Normal Day
9/18/2023,SANDWICHES - CHICKPEA NORI SANDWICH,0,Normal Day
9/25/2023,SANDWICHES - CHICKPEA NORI SANDWICH,0,Normal Day
10/2/2023,SANDWICHES - CHICKPEA NORI SANDWICH,0,Class Suspension - World Teachers' Day
10/9/2023,SANDWICHES - CHICKPEA NORI SANDWICH,0,Normal Day
10/16/2023,SANDWICHES - CHICKPEA NORI SANDWICH,0,Normal Day
10/23/2023,SANDWICHES - CHICKPEA NORI SANDWICH,0,Normal Day
10/30/2023,SANDWICHES - CHICKPEA NORI SANDWICH,0,"Class Suspension (starting 12:01 pm) - All Saints Day, Holiday - All Saints' Day, Holiday - All Souls' Day, Holiday - Baranggay and Sangguniang Kabataan Elections"
11/6/2023,SANDWICHES - CHICKPEA NORI SANDWICH,0,Class Suspension - Yolanda Day
11/13/2023,SANDWICHES - CHICKPEA NORI SANDWICH,8,Normal Day
11/20/2023,SANDWICHES - CHICKPEA NORI SANDWICH,4,Class Suspension - Heavy Rainfall
11/27/2023,SANDWICHES - CHICKPEA NORI SANDWICH,15,Normal Day
12/4/2023,SANDWICHES - CHICKPEA NORI SANDWICH,16,Holiday - Feast of the Immaculate Conception of Mary
12/11/2023,SANDWICHES - CHICKPEA NORI SANDWICH,15,Normal Day
12/18/2023,SANDWICHES - CHICKPEA NORI SANDWICH,4,"Class Suspension, Class Suspension - 15th HUC Day"
12/25/2023,SANDWICHES - CHICKPEA NORI SANDWICH,4,Holiday - Additional Special Non-Working Day
1/1/2024,SANDWICHES - CHICKPEA NORI SANDWICH,13,Normal Day
1/8/2024,SANDWICHES - CHICKPEA NORI SANDWICH,14,Normal Day
1/15/2024,SANDWICHES - CHICKPEA NORI SANDWICH,10,Normal Day
1/22/2024,SANDWICHES - CHICKPEA NORI SANDWICH,15,Normal Day
1/29/2024,SANDWICHES - CHICKPEA NORI SANDWICH,21,Normal Day
2/5/2024,SANDWICHES - CHICKPEA NORI SANDWICH,9,"Holiday - Additional Special Non-Working Day, Holiday - Chinese New Year"
2/12/2024,SANDWICHES - CHICKPEA NORI SANDWICH,14,Normal Day
2/19/2024,SANDWICHES - CHICKPEA NORI SANDWICH,16,Normal Day
2/26/2024,SANDWICHES - CHICKPEA NORI SANDWICH,12,Normal Day
3/4/2024,SANDWICHES - CHICKPEA NORI SANDWICH,7,Normal Day
3/11/2024,SANDWICHES - CHICKPEA NORI SANDWICH,14,Normal Day
3/18/2024,SANDWICHES - CHICKPEA NORI SANDWICH,15,Normal Day
3/25/2024,SANDWICHES - CHICKPEA NORI SANDWICH,12,"Class Suspension (12:00 pm onwards), Holiday - Black Saturday, Holiday - Good Friday, Holiday - Maundy Thursday"
4/1/2024,SANDWICHES - CHICKPEA NORI SANDWICH,8,Normal Day
4/8/2024,SANDWICHES - CHICKPEA NORI SANDWICH,13,Holiday - Eid'l Fitr
4/15/2024,SANDWICHES - CHICKPEA NORI SANDWICH,4,Normal Day
4/22/2024,SANDWICHES - CHICKPEA NORI SANDWICH,3,Normal Day
4/29/2024,SANDWICHES - CHICKPEA NORI SANDWICH,11,"Class Suspension (F2F) - Transport Strike, Class Suspension - High Temperature, Holiday - Labor Day"
5/6/2024,SANDWICHES - CHICKPEA NORI SANDWICH,15,Normal Day
5/13/2024,SANDWICHES - CHICKPEA NORI SANDWICH,10,Normal Day
5/20/2024,SANDWICHES - CHICKPEA NORI SANDWICH,4,Normal Day
5/27/2024,SANDWICHES - CHICKPEA NORI SANDWICH,10,Normal Day
6/3/2024,SANDWICHES - CHICKPEA NORI SANDWICH,13,Normal Day
6/10/2024,SANDWICHES - CHICKPEA NORI SANDWICH,10,Holiday - Independence Day
6/17/2024,SANDWICHES - CHICKPEA NORI SANDWICH,7,Normal Day
6/24/2024,SANDWICHES - CHICKPEA NORI SANDWICH,8,Normal Day
7/1/2024,SANDWICHES - CHICKPEA NORI SANDWICH,12,Class Suspension - Sangyaw Festival
7/8/2024,SANDWICHES - CHICKPEA NORI SANDWICH,25,Normal Day
7/15/2024,SANDWICHES - CHICKPEA NORI SANDWICH,4,Normal Day
7/22/2024,SANDWICHES - CHICKPEA NORI SANDWICH,13,Normal Day
7/29/2024,SANDWICHES - CHICKPEA NORI SANDWICH,10,Class Suspension - Bagong Pilipinas Serbisyo Fair
8/5/2024,SANDWICHES - CHICKPEA NORI SANDWICH,4,Normal Day
8/12/2024,SANDWICHES - CHICKPEA NORI SANDWICH,5,Normal Day
8/19/2024,SANDWICHES - CHICKPEA NORI SANDWICH,5,Holiday - Ninoy Aquino Day
8/26/2024,SANDWICHES - CHICKPEA NORI SANDWICH,10,Holiday - National Heroes Day
9/2/2024,SANDWICHES - CHICKPEA NORI SANDWICH,5,Normal Day
9/9/2024,SANDWICHES - CHICKPEA NORI SANDWICH,7,Normal Day
9/16/2024,SANDWICHES - CHICKPEA NORI SANDWICH,3,Normal Day
9/23/2024,SANDWICHES - CHICKPEA NORI SANDWICH,3,Normal Day
9/30/2024,SANDWICHES - CHICKPEA NORI SANDWICH,2,Class Suspension - World Teachers' Day
10/7/2024,SANDWICHES - CHICKPEA NORI SANDWICH,7,Normal Day
10/14/2024,SANDWICHES - CHICKPEA NORI SANDWICH,3,Normal Day
10/21/2024,SANDWICHES - CHICKPEA NORI SANDWICH,8,"Class Suspension - Heavy Rainfall, Class Suspension - Typhoon Kristine"
10/28/2024,SANDWICHES - CHICKPEA NORI SANDWICH,8,"Class Suspension (starting 12:01 pm) - All Saints Day, Holiday - All Saints' Day, Holiday - All Souls' Day"
11/4/2024,SANDWICHES - CHICKPEA NORI SANDWICH,6,Class Suspension - Yolanda Day
11/11/2024,SANDWICHES - CHICKPEA NORI SANDWICH,3,Class Suspension (starting 12:01 pm) - Typhoon Pepito
11/18/2024,SANDWICHES - CHICKPEA NORI SANDWICH,5,Normal Day
11/25/2024,SANDWICHES - CHICKPEA NORI SANDWICH,3,Holiday - Bonifacio Day
12/2/2024,SANDWICHES - CHICKPEA NORI SANDWICH,5,Holiday - Feast of the Immaculate Conception of Mary
12/9/2024,SANDWICHES - CHICKPEA NORI SANDWICH,5,Normal Day
12/16/2024,SANDWICHES - CHICKPEA NORI SANDWICH,5,"Class Suspension - Low Pressure Area, Class Suspension - Typhoon Querubin"
12/23/2024,SANDWICHES - CHICKPEA NORI SANDWICH,0,Holiday - Christmas Eve
12/30/2024,SANDWICHES - CHICKPEA NORI SANDWICH,5,"Holiday - Last Day of the Year, Holiday - Rizal Day"
1/6/2025,SANDWICHES - CHICKPEA NORI SANDWICH,1,Normal Day
1/13/2025,SANDWICHES - CHICKPEA NORI SANDWICH,3,Normal Day
1/20/2025,SANDWICHES - CHICKPEA NORI SANDWICH,11,Normal Day
1/27/2025,SANDWICHES - CHICKPEA NORI SANDWICH,13,Holiday - Chinese New Year
2/3/2025,SANDWICHES - CHICKPEA NORI SANDWICH,3,Normal Day
2/10/2025,SANDWICHES - CHICKPEA NORI SANDWICH,11,Class Suspension - Heavy Rainfall
2/17/2025,SANDWICHES - CHICKPEA NORI SANDWICH,3,Class Suspension - Heavy Rainfall
2/24/2025,SANDWICHES - CHICKPEA NORI SANDWICH,4,Normal Day
3/3/2025,SANDWICHES - CHICKPEA NORI SANDWICH,2,Normal Day
3/10/2025,SANDWICHES - CHICKPEA NORI SANDWICH,7,Normal Day
3/17/2025,SANDWICHES - CHICKPEA NORI SANDWICH,6,Class Suspension - Heavy Rainfall
3/24/2025,SANDWICHES - CHICKPEA NORI SANDWICH,4,Forecast
3/31/2025,SANDWICHES - CHICKPEA NORI SANDWICH,4,Forecast
4/7/2025,SANDWICHES - CHICKPEA NORI SANDWICH,4,Forecast
4/14/2025,SANDWICHES - CHICKPEA NORI SANDWICH,4,Forecast
4/21/2025,SANDWICHES - CHICKPEA NORI SANDWICH,3,Forecast
4/28/2025,SANDWICHES - CHICKPEA NORI SANDWICH,3,Forecast
5/5/2025,SANDWICHES - CHICKPEA NORI SANDWICH,3,Forecast
5/12/2025,SANDWICHES - CHICKPEA NORI SANDWICH,3,Forecast
5/19/2025,SANDWICHES - CHICKPEA NORI SANDWICH,3,Forecast
5/26/2025,SANDWICHES - CHICKPEA NORI SANDWICH,3,Forecast
6/2/2025,SANDWICHES - CHICKPEA NORI SANDWICH,3,Forecast
6/9/2025,SANDWICHES - CHICKPEA NORI SANDWICH,3,Forecast
4/3/2023,SANDWICHES - SPAM & TOFU SANDWICH,0,Holiday - Black Saturday
4/10/2023,SANDWICHES - SPAM & TOFU SANDWICH,0,Normal Day
4/17/2023,SANDWICHES - SPAM & TOFU SANDWICH,3,Normal Day
4/24/2023,SANDWICHES - SPAM & TOFU SANDWICH,11,Normal Day
5/1/2023,SANDWICHES - SPAM & TOFU SANDWICH,0,Normal Day
5/8/2023,SANDWICHES - SPAM & TOFU SANDWICH,11,Class Suspension - High Temperature
5/15/2023,SANDWICHES - SPAM & TOFU SANDWICH,8,Normal Day
5/22/2023,SANDWICHES - SPAM & TOFU SANDWICH,14,Normal Day
5/29/2023,SANDWICHES - SPAM & TOFU SANDWICH,11,Normal Day
6/5/2023,SANDWICHES - SPAM & TOFU SANDWICH,8,Normal Day
6/12/2023,SANDWICHES - SPAM & TOFU SANDWICH,13,Normal Day
6/19/2023,SANDWICHES - SPAM & TOFU SANDWICH,12,Normal Day
6/26/2023,SANDWICHES - SPAM & TOFU SANDWICH,6,"Class Suspension - Sangyaw Festival, Class Suspension - Tacloban Day"
7/3/2023,SANDWICHES - SPAM & TOFU SANDWICH,9,Normal Day
7/10/2023,SANDWICHES - SPAM & TOFU SANDWICH,7,Normal Day
7/17/2023,SANDWICHES - SPAM & TOFU SANDWICH,5,Normal Day
7/24/2023,SANDWICHES - SPAM & TOFU SANDWICH,10,Normal Day
7/31/2023,SANDWICHES - SPAM & TOFU SANDWICH,6,Normal Day
8/7/2023,SANDWICHES - SPAM & TOFU SANDWICH,2,Normal Day
8/14/2023,SANDWICHES - SPAM & TOFU SANDWICH,4,Normal Day
8/21/2023,SANDWICHES - SPAM & TOFU SANDWICH,4,Holiday - Ninoy Aquino Day
8/28/2023,SANDWICHES - SPAM & TOFU SANDWICH,5,Normal Day
9/4/2023,SANDWICHES - SPAM & TOFU SANDWICH,5,Normal Day
9/11/2023,SANDWICHES - SPAM & TOFU SANDWICH,8,Normal Day
9/18/2023,SANDWICHES - SPAM & TOFU SANDWICH,8,Normal Day
9/25/2023,SANDWICHES - SPAM & TOFU SANDWICH,12,Normal Day
10/2/2023,SANDWICHES - SPAM & TOFU SANDWICH,4,Class Suspension - World Teachers' Day
10/9/2023,SANDWICHES - SPAM & TOFU SANDWICH,4,Normal Day
10/16/2023,SANDWICHES - SPAM & TOFU SANDWICH,11,Normal Day
10/23/2023,SANDWICHES - SPAM & TOFU SANDWICH,12,Normal Day
10/30/2023,SANDWICHES - SPAM & TOFU SANDWICH,4,"Class Suspension (starting 12:01 pm) - All Saints Day, Holiday - All Saints' Day, Holiday - All Souls' Day, Holiday - Baranggay and Sangguniang Kabataan Elections"
11/6/2023,SANDWICHES - SPAM & TOFU SANDWICH,8,Class Suspension - Yolanda Day
11/13/2023,SANDWICHES - SPAM & TOFU SANDWICH,6,Normal Day
11/20/2023,SANDWICHES - SPAM & TOFU SANDWICH,9,Class Suspension - Heavy Rainfall
11/27/2023,SANDWICHES - SPAM & TOFU SANDWICH,5,Normal Day
12/4/2023,SANDWICHES - SPAM & TOFU SANDWICH,5,Holiday - Feast of the Immaculate Conception of Mary
12/11/2023,SANDWICHES - SPAM & TOFU SANDWICH,6,Normal Day
12/18/2023,SANDWICHES - SPAM & TOFU SANDWICH,5,"Class Suspension, Class Suspension - 15th HUC Day"
12/25/2023,SANDWICHES - SPAM & TOFU SANDWICH,7,Holiday - Additional Special Non-Working Day
1/1/2024,SANDWICHES - SPAM & TOFU SANDWICH,9,Normal Day
1/8/2024,SANDWICHES - SPAM & TOFU SANDWICH,6,Normal Day
1/15/2024,SANDWICHES - SPAM & TOFU SANDWICH,8,Normal Day
1/22/2024,SANDWICHES - SPAM & TOFU SANDWICH,10,Normal Day
1/29/2024,SANDWICHES - SPAM & TOFU SANDWICH,7,Normal Day
2/5/2024,SANDWICHES - SPAM & TOFU SANDWICH,3,"Holiday - Additional Special Non-Working Day, Holiday - Chinese New Year"
2/12/2024,SANDWICHES - SPAM & TOFU SANDWICH,10,Normal Day
2/19/2024,SANDWICHES - SPAM & TOFU SANDWICH,12,Normal Day
2/26/2024,SANDWICHES - SPAM & TOFU SANDWICH,6,Normal Day
3/4/2024,SANDWICHES - SPAM & TOFU SANDWICH,13,Normal Day
3/11/2024,SANDWICHES - SPAM & TOFU SANDWICH,11,Normal Day
3/18/2024,SANDWICHES - SPAM & TOFU SANDWICH,9,Normal Day
3/25/2024,SANDWICHES - SPAM & TOFU SANDWICH,14,"Class Suspension (12:00 pm onwards), Holiday - Black Saturday, Holiday - Good Friday, Holiday - Maundy Thursday"
4/1/2024,SANDWICHES - SPAM & TOFU SANDWICH,4,Normal Day
4/8/2024,SANDWICHES - SPAM & TOFU SANDWICH,2,Holiday - Eid'l Fitr
4/15/2024,SANDWICHES - SPAM & TOFU SANDWICH,4,Normal Day
4/22/2024,SANDWICHES - SPAM & TOFU SANDWICH,0,Normal Day
4/29/2024,SANDWICHES - SPAM & TOFU SANDWICH,13,"Class Suspension (F2F) - Transport Strike, Class Suspension - High Temperature, Holiday - Labor Day"
5/6/2024,SANDWICHES - SPAM & TOFU SANDWICH,10,Normal Day
5/13/2024,SANDWICHES - SPAM & TOFU SANDWICH,4,Normal Day
5/20/2024,SANDWICHES - SPAM & TOFU SANDWICH,10,Normal Day
5/27/2024,SANDWICHES - SPAM & TOFU SANDWICH,10,Normal Day
6/3/2024,SANDWICHES - SPAM & TOFU SANDWICH,7,Normal Day
6/10/2024,SANDWICHES - SPAM & TOFU SANDWICH,5,Holiday - Independence Day
6/17/2024,SANDWICHES - SPAM & TOFU SANDWICH,6,Normal Day
6/24/2024,SANDWICHES - SPAM & TOFU SANDWICH,9,Normal Day
7/1/2024,SANDWICHES - SPAM & TOFU SANDWICH,10,Class Suspension - Sangyaw Festival
7/8/2024,SANDWICHES - SPAM & TOFU SANDWICH,15,Normal Day
7/15/2024,SANDWICHES - SPAM & TOFU SANDWICH,10,Normal Day
7/22/2024,SANDWICHES - SPAM & TOFU SANDWICH,7,Normal Day
7/29/2024,SANDWICHES - SPAM & TOFU SANDWICH,2,Class Suspension - Bagong Pilipinas Serbisyo Fair
8/5/2024,SANDWICHES - SPAM & TOFU SANDWICH,5,Normal Day
8/12/2024,SANDWICHES - SPAM & TOFU SANDWICH,5,Normal Day
8/19/2024,SANDWICHES - SPAM & TOFU SANDWICH,14,Holiday - Ninoy Aquino Day
8/26/2024,SANDWICHES - SPAM & TOFU SANDWICH,4,Holiday - National Heroes Day
9/2/2024,SANDWICHES - SPAM & TOFU SANDWICH,11,Normal Day
9/9/2024,SANDWICHES - SPAM & TOFU SANDWICH,10,Normal Day
9/16/2024,SANDWICHES - SPAM & TOFU SANDWICH,4,Normal Day
9/23/2024,SANDWICHES - SPAM & TOFU SANDWICH,5,Normal Day
9/30/2024,SANDWICHES - SPAM & TOFU SANDWICH,9,Class Suspension - World Teachers' Day
10/7/2024,SANDWICHES - SPAM & TOFU SANDWICH,11,Normal Day
10/14/2024,SANDWICHES - SPAM & TOFU SANDWICH,5,Normal Day
10/21/2024,SANDWICHES - SPAM & TOFU SANDWICH,4,"Class Suspension - Heavy Rainfall, Class Suspension - Typhoon Kristine"
10/28/2024,SANDWICHES - SPAM & TOFU SANDWICH,6,"Class Suspension (starting 12:01 pm) - All Saints Day, Holiday - All Saints' Day, Holiday - All Souls' Day"
11/4/2024,SANDWICHES - SPAM & TOFU SANDWICH,17,Class Suspension - Yolanda Day
11/11/2024,SANDWICHES - SPAM & TOFU SANDWICH,12,Class Suspension (starting 12:01 pm) - Typhoon Pepito
11/18/2024,SANDWICHES - SPAM & TOFU SANDWICH,9,Normal Day
11/25/2024,SANDWICHES - SPAM & TOFU SANDWICH,11,Holiday - Bonifacio Day
12/2/2024,SANDWICHES - SPAM & TOFU SANDWICH,4,Holiday - Feast of the Immaculate Conception of Mary
12/9/2024,SANDWICHES - SPAM & TOFU SANDWICH,8,Normal Day
12/16/2024,SANDWICHES - SPAM & TOFU SANDWICH,6,"Class Suspension - Low Pressure Area, Class Suspension - Typhoon Querubin"
12/23/2024,SANDWICHES - SPAM & TOFU SANDWICH,10,Holiday - Christmas Eve
12/30/2024,SANDWICHES - SPAM & TOFU SANDWICH,3,"Holiday - Last Day of the Year, Holiday - Rizal Day"
1/6/2025,SANDWICHES - SPAM & TOFU SANDWICH,14,Normal Day
1/13/2025,SANDWICHES - SPAM & TOFU SANDWICH,6,Normal Day
1/20/2025,SANDWICHES - SPAM & TOFU SANDWICH,12,Normal Day
1/27/2025,SANDWICHES - SPAM & TOFU SANDWICH,16,Holiday - Chinese New Year
2/3/2025,SANDWICHES - SPAM & TOFU SANDWICH,9,Normal Day
2/10/2025,SANDWICHES - SPAM & TOFU SANDWICH,17,Class Suspension - Heavy Rainfall
2/17/2025,SANDWICHES - SPAM & TOFU SANDWICH,13,Class Suspension - Heavy Rainfall
2/24/2025,SANDWICHES - SPAM & TOFU SANDWICH,14,Normal Day
3/3/2025,SANDWICHES - SPAM & TOFU SANDWICH,9,Normal Day
3/10/2025,SANDWICHES - SPAM & TOFU SANDWICH,4,Normal Day
3/17/2025,SANDWICHES - SPAM & TOFU SANDWICH,3,Class Suspension - Heavy Rainfall
3/24/2025,SANDWICHES - SPAM & TOFU SANDWICH,10,Forecast
3/31/2025,SANDWICHES - SPAM & TOFU SANDWICH,10,Forecast
4/7/2025,SANDWICHES - SPAM & TOFU SANDWICH,10,Forecast
4/14/2025,SANDWICHES - SPAM & TOFU SANDWICH,10,Forecast
4/21/2025,SANDWICHES - SPAM & TOFU SANDWICH,10,Forecast
4/28/2025,SANDWICHES - SPAM & TOFU SANDWICH,10,Forecast
5/5/2025,SANDWICHES - SPAM & TOFU SANDWICH,10,Forecast
5/12/2025,SANDWICHES - SPAM & TOFU SANDWICH,10,Forecast
5/19/2025,SANDWICHES - SPAM & TOFU SANDWICH,10,Forecast
5/26/2025,SANDWICHES - SPAM & TOFU SANDWICH,10,Forecast
6/2/2025,SANDWICHES - SPAM & TOFU SANDWICH,10,Forecast
6/9/2025,SANDWICHES - SPAM & TOFU SANDWICH,10,Forecast
,,,
,,,
,,,
,,,
,,,
,,,
,,,
,,,
,,,
,,,
,,,
,,,
,,,
,,,
,,,
